,2022,2023,2024,2025,2026,2027,2028,2029,2030,2031,2032,Conversion Company,Conversion Country,Product,Conversion Region,Resource ID,Conversion Resource SubType,Resource Region,Resource Country,Resource Company,Conversion ID
0,0.06546428571428571,0.06546428571428571,0.06546428571428571,0.06546428571428571,0.06546428571428571,0.06546428571428571,0.06546428571428571,0.06546428571428571,0.06546428571428571,0.06546428571428571,0.06546428571428571,Northstar Industries,Germany,Lithium Carbonate,Germany,RES-1094,Spodumene,Germany,Germany,Northstar Industries,CNV-1036
1,0.0,0.02476603943551971,0.029521112017942167,0.038854745093444165,0.05528173212466597,0.0691522850330925,0.07170075659398135,0.0688903779983981,0.07088784620348448,0.08171920016569952,0.08643193372910254,Atlas Corp,Argentina,Lithium Hydroxide,North America,Spot Market Spod,Spodumene,Spot Market Spod,Spot Market Spod,Spot Market Spod,CNV-1228
2,0.06682173896817736,0.19972612447999763,0.3007244008618896,0.4700170777432759,0.6687306305403141,0.8365195770132158,0.867347862023968,0.8333513467548156,0.857514268590538,0.9885387116818489,1.0455475854326919,Blue Horizon Minerals,Germany,Lithium Carbonate,Germany,Spot Market Spod,Spodumene,Spot Market Spod,Spot Market Spod,Spot Market Spod,CNV-1160
3,0.08820469543799413,0.2636384843135969,0.42452261255003415,0.6893583806901379,0.9808049247924605,1.226895379619383,1.2721101976351528,1.2222486419070628,1.2576875939327892,1.4498567771333783,1.533469791967948,Blue Horizon Minerals,Germany,Lithium Hydroxide,Germany,Spot Market Spod,Spodumene,Spot Market Spod,Spot Market Spod,Spot Market Spod,CNV-1193
4,0.0,0.0,0.0,0.0,0.0,0.0,0.0,0.2851437984494978,0.327881610071881,0.32788161007188105,0.327881610071881,Granite Energy,South Korea,Lithium Hydroxide,South America,RES-1211,Spodumene,Middle East & Africa,Serbia,Granite Energy,CNV-1262
5,0.0,0.0,0.0,0.0,0.0,0.0,0.0,2.97105798803211,5.898785214855245,6.800093888076539,7.192254244952882,Granite Energy,South Korea,Lithium Hydroxide,South America,Spot Market Spod,Spodumene,Spot Market Spod,Spot Market Spod,Spot Market Spod,CNV-1262
6,0.0,0.0,0.0,0.1287711401952441,0.34338970718731776,0.3933958332964709,0.3933958332964708,0.10825203484697317,0.06551422322458987,0.06551422322458988,0.06551422322458987,Granite Energy,Norway,Lithium Hydroxide,South America,RES-1211,Spodumene,Middle East & Africa,Serbia,Granite Energy,CNV-1257
7,0.2678883515234231,0.42142212265279505,0.5023350512730481,0.6314259563704068,0.8278778232506382,1.0150492427196094,1.0524568876981486,1.1279329047368114,1.1786398488015692,1.3587308810455967,1.437088679626002,Granite Energy,Norway,Lithium Hydroxide,South America,Spot Market Spod,Spodumene,Spot Market Spod,Spot Market Spod,Spot Market Spod,CNV-1257
8,0.0,0.0,0.0,0.0,0.6514285714285714,1.737142857142857,1.9901142857142857,1.9901142857142857,1.9901142857142857,1.9901142857142857,1.9901142857142857,Pioneer Materials,Vietnam,Lithium Carbonate,Europe,RES-1089,Petalite,Europe,Vietnam,Pioneer Materials,CNV-1249
9,1.3092857142857142,1.3092857142857142,1.3092857142857142,1.3092857142857142,1.3092857142857142,1.3092857142857142,1.3092857142857142,1.3092857142857142,1.3092857142857142,1.3092857142857142,1.3092857142857142,Northstar Minerals,Germany,Lithium Carbonate,Germany,RES-1185,Petalite,Germany,Germany,Northstar Minerals,CNV-1120
10,0.0,0.0,0.0,0.3017142857142857,0.8045714285714286,0.9217371428571429,0.9217371428571429,0.9217371428571429,0.9217371428571429,0.9217371428571429,0.9217371428571429,Cobalt Bay Mining,South Korea,Lithium Hydroxide,South America,RES-1242,Lepidolite,South America,South Korea,Cobalt Bay Mining,CNV-1102
11,0.0,0.0,0.0,0.0,0.21857142857142858,0.582857142857143,0.6677357142857143,0.6677357142857143,0.6677357142857143,0.6677357142857143,0.6677357142857143,Atlas Energy,Indonesia,Lithium Carbonate,Europe,RES-1129,Petalite,Europe,Indonesia,Atlas Energy,CNV-1245
12,0.20313808646325895,0.31956179916799615,0.38091757442505997,0.5013515495928276,0.713312672576335,0.8922875488140968,0.9251710528255658,0.8889081032051368,0.914681886496574,1.0544412924606388,1.1152507577948714,Atlas Holdings,Germany,Lithium Carbonate,Germany,Spot Market Spod,Spodumene,Spot Market Spod,Spot Market Spod,Spot Market Spod,CNV-1110
13,0.0444364564138379,0.06990414356799918,0.08332571940548186,0.10967065147343105,0.1560371471260733,0.1951879013030837,0.20238116780559254,0.1944486475761237,0.2000866626711256,0.23065903272576477,0.24396110326762813,Atlas Holdings,Germany,Lithium Hydroxide,Germany,Spot Market Spod,Spodumene,Spot Market Spod,Spot Market Spod,Spot Market Spod,CNV-1091
14,0.0,0.0,0.0,0.0,0.11732116325268668,0.2788398590044053,0.28911595400798934,0.2777837822516052,0.28583808953017936,0.3295129038939496,0.3485158618108972,Vantage Materials,Zambia,Lithium Carbonate,Asia Pacific,Spot Market Spod,Spodumene,Spot Market Spod,Spot Market Spod,Spot Market Spod,CNV-1256
15,0.0,0.0,0.0,0.0,0.0,0.0,0.0,0.0,0.0,0.0,0.0,Cascade Mining,Japan,Lithium Carbonate,Middle East & Africa,RES-1054,Petalite,Middle East & Africa,Japan,Cascade Mining,CNV-1176
16,6.546428571428572,6.546428571428572,6.546428571428572,6.546428571428572,6.546428571428572,6.546428571428572,6.546428571428572,6.546428571428572,6.546428571428572,6.546428571428572,6.546428571428572,Granite Industries,Germany,Lithium Carbonate,Germany,RES-1137,Petalite,Germany,Germany,Granite Industries,CNV-1162
17,0.0,0.0,0.0,0.0,0.0,0.0,0.0,0.0,0.0,0.0,0.0,Golden Peak Industries,Indonesia,Lithium Carbonate,Europe,RES-1179,Petalite,Europe,Indonesia,Golden Peak Industries,CNV-1068
18,1.0474285714285716,1.0474285714285716,1.0474285714285716,1.0474285714285716,1.0474285714285716,1.0474285714285716,1.0474285714285716,1.0474285714285716,1.0474285714285716,1.0474285714285716,1.0474285714285716,Sierra Holdings,Germany,Lithium Carbonate,Germany,RES-1265,Brine,Germany,Germany,Sierra Holdings,CNV-1082
19,0.0,1.9285714285714286,7.071428571428571,11.034642857142858,11.78357142857143,11.78357142857143,11.78357142857143,11.78357142857143,11.78357142857143,11.78357142857143,11.78357142857143,Sierra Holdings,Germany,Lithium Carbonate,Germany,RES-1196,Brine,Germany,Germany,Sierra Holdings,CNV-1202
20,0.2618571428571429,0.2618571428571429,0.519,0.9475714285714288,1.0474285714285714,1.0474285714285714,1.0474285714285714,1.0474285714285714,1.0474285714285714,1.0474285714285714,1.0474285714285714,Frontier Industries,Germany,Lithium Carbonate,Germany,RES-1159,Petalite,Germany,Germany,Frontier Industries,CNV-1161
21,0.0,0.0,0.0,0.0,0.0,0.0,0.6,1.5999999999999999,1.833,1.833,1.833,Summit Holdings,Indonesia,Lithium Carbonate,Europe,RES-1181,Petalite,Europe,Indonesia,Summit Holdings,CNV-1092
22,0.0,0.0,0.0,0.0,0.8571428571428571,2.2857142857142856,2.6185714285714283,2.6185714285714283,2.6185714285714283,2.6185714285714283,2.6185714285714283,Summit Holdings,Indonesia,Lithium Carbonate,Europe,RES-1002,Petalite,Europe,Indonesia,Summit Holdings,CNV-1078
23,2.6185714285714283,3.0471428571428567,4.1899999999999995,5.070714285714286,6.522857142857142,8.665714285714285,9.165000000000001,9.165000000000001,10.450714285714286,12.593571428571428,13.092857142857143,Ironclad Holdings,Indonesia,Lithium Carbonate,Europe,RES-1018,Petalite,Europe,Indonesia,Ironclad Holdings,CNV-1206
24,0.3516828121895175,0.5532413648095934,0.6594635507233855,0.8679648702325828,1.23492256439778,1.5447728188844052,1.6017023852042604,1.5389221536738928,1.5835430159971935,1.825501487572481,1.9307778744323707,Summit Industries,Germany,Lithium Carbonate,Germany,Spot Market Spod,Spodumene,Spot Market Spod,Spot Market Spod,Spot Market Spod,CNV-1100
25,0.2831237080081675,0.4453892575903947,0.5309038693549276,0.6987587222450035,0.9941795374032668,1.2436257711596475,1.2894571548756322,1.238915668842159,1.2748378793045998,1.4696275513670154,1.5543807436766015,Summit Industries,Germany,Lithium Hydroxide,Germany,Spot Market Spod,Spodumene,Spot Market Spod,Spot Market Spod,Spot Market Spod,CNV-1229
26,1.5732570280245157,1.5732570280245157,1.8021360282826742,2.183601028712938,2.2724823738131894,2.2724823738131894,2.2724823738131894,2.2724823738131894,2.2724823738131894,2.2724823738131894,2.2724823738131894,Highland Minerals,South Korea,Lithium Hydroxide,South America,RES-1189,Spodumene,Europe,Spain,Highland Minerals,CNV-1177
27,0.0,0.0,0.10287400339768883,0.04732471007421115,0.0,0.0,0.0,0.0,0.0,0.0,0.0,Highland Minerals,South Korea,Lithium Hydroxide,South America,Spot Market Spod,Spodumene,Spot Market Spod,Spot Market Spod,Spot Market Spod,CNV-1177
28,1.3092857142857142,1.3092857142857142,1.3092857142857142,1.3092857142857142,1.3092857142857142,1.3092857142857142,1.3092857142857142,1.3092857142857142,1.3092857142857142,1.3092857142857142,1.3092857142857142,Horizon Materials,Germany,Lithium Carbonate,Germany,RES-1117,Petalite,Germany,Germany,Horizon Materials,CNV-1136
29,0.0,0.0,4.285714285714286,11.428571428571429,13.092857142857143,13.092857142857143,13.092857142857143,13.092857142857143,13.092857142857143,13.092857142857143,13.092857142857143,Horizon Materials,Germany,Lithium Carbonate,Germany,RES-1076,Petalite,Germany,Germany,Horizon Materials,CNV-1083
30,0.0,0.0,4.192620131770044,5.156502827131708,6.118221775650894,6.118221775650894,6.118221775650894,6.118221775650894,6.118221775650894,6.118221775650894,6.118221775650894,Summit Materials,United States,Lithium Hydroxide,Oceania,RES-1165,Spodumene,Bolivia,Bolivia,Falcon Holdings,CNV-1154
31,0.2399568646347246,0.576157309618351,0.16443758289784607,0.0,0.0,0.0,0.0,0.0,0.0,0.0,0.0,Summit Materials,United States,Lithium Hydroxide,Oceania,Spot Market Spod,Spodumene,Spot Market Spod,Spot Market Spod,Spot Market Spod,CNV-1154
32,0.0,0.0,0.0,0.0,0.0,0.0,0.04285714285714286,0.1142857142857143,0.13092857142857142,0.13092857142857142,0.13092857142857142,Falcon Energy,Japan,Lithium Hydroxide,Middle East & Africa,RES-1227,Petalite,Middle East & Africa,Japan,Falcon Energy,CNV-1056
33,0.34041428571428567,0.34041428571428567,0.34041428571428567,0.34041428571428567,0.34041428571428567,0.34041428571428567,0.34041428571428567,0.34041428571428567,0.34041428571428567,0.34041428571428567,0.34041428571428567,Cobalt Bay Materials,Germany,Lithium Carbonate,Germany,RES-1033,Spodumene,Germany,Germany,Cobalt Bay Materials,CNV-1216
34,0.0,0.0,0.0,1.1813855467870593,2.9134389407861394,2.9134389407861394,2.9134389407861394,2.9134389407861394,2.9134389407861394,2.9134389407861394,2.9134389407861394,Amber Metals,Germany,Lithium Hydroxide,Germany,RES-1101,Spodumene,Bolivia,Bolivia,Crescent Energy,CNV-1132
35,0.0,0.0,0.6105908309828181,0.6995081207446908,0.6995081207446907,0.6995081207446907,0.6995081207446907,0.6995081207446907,0.6995081207446907,0.6995081207446907,0.6995081207446907,Amber Metals,Germany,Lithium Hydroxide,Germany,RES-1250,Spodumene,Middle East & Africa,Serbia,Cascade Materials,CNV-1132
36,0.0,0.0,0.0,0.0,0.0,0.0,0.0,0.0,0.0,0.0,0.0,Amber Metals,Germany,Lithium Hydroxide,Germany,Spot Market Spod,Spodumene,Spot Market Spod,Spot Market Spod,Spot Market Spod,CNV-1132
37,0.4163741628383239,0.32100535106210465,0.35019296254256516,0.3992221786407759,0.41119536270587115,0.41134417086026714,0.41134417086026714,0.41134417086026714,0.41134417086026714,0.41134417086026714,0.41134417086026714,Frontier Group,Germany,Lithium Carbonate,Germany,Spot Market Lep,Brine,Spot Market Lep,Spot Market Lep,Spot Market Lep,CNV-1164
38,0.6546428571428571,0.6546428571428571,0.6546428571428571,0.6546428571428571,0.6546428571428571,0.6546428571428571,0.6546428571428571,0.6546428571428571,0.6546428571428571,0.6546428571428571,0.6546428571428571,Amber Resources,Germany,Lithium Carbonate,Germany,RES-1194,Petalite,Germany,Germany,Amber Resources,CNV-1095
39,0.07617678242372208,0.11983567468799854,0.14284409040939752,0.1880068310973104,0.26749225221612555,0.33460783080528617,0.34693914480958704,0.3333405387019261,0.3430057074362152,0.3954154846727395,0.41821903417307654,Amber Corp,Germany,Lithium Carbonate,Germany,Spot Market Spod,Spodumene,Spot Market Spod,Spot Market Spod,Spot Market Spod,CNV-1104
40,0.0,0.0,0.0,0.12508220924732277,0.2947830294218692,0.2947830294218691,0.2947830294218691,0.2947830294218691,0.2947830294218691,0.2947830294218692,0.2947830294218691,Vantage Energy,Austria,Lithium Carbonate,Oceania,RES-1238,Spodumene,North America,China,Amber Mining,CNV-1224
41,0.06682173896817736,0.1997261244799975,0.23807348401566245,0.2844650398094333,0.34898441418722037,0.43654691621382147,0.4526349948714139,0.4348935405043154,0.4475032262832935,0.5158797689870172,0.5456304750274096,Vantage Energy,Austria,Lithium Carbonate,Oceania,Spot Market Spod,Spodumene,Spot Market Spod,Spot Market Spod,Spot Market Spod,CNV-1224
42,0.0,0.0,0.0,0.5503617206882202,1.297045329456224,1.2970453294562243,1.297045329456224,1.297045329456224,1.297045329456224,1.2970453294562243,1.297045329456224,Vantage Energy,Austria,Lithium Hydroxide,Oceania,RES-1238,Spodumene,North America,China,Amber Mining,CNV-1140
43,0.29401565145998043,0.8787949477119888,1.0475233296689148,1.2516461751615062,1.5355314224237695,1.9208064313408144,1.991593977434221,1.9135315782189877,1.9690141956464908,2.269870983542875,2.400774090120602,Vantage Energy,Austria,Lithium Hydroxide,Oceania,Spot Market Spod,Spodumene,Spot Market Spod,Spot Market Spod,Spot Market Spod,CNV-1140
44,0.0,0.0,0.0,0.3302170324129321,0.7782271976737345,0.7782271976737345,0.7782271976737344,0.7782271976737344,0.7782271976737344,0.7782271976737345,0.7782271976737344,Vantage Energy,Germany,Lithium Hydroxide,Germany,RES-1238,Spodumene,North America,China,Amber Mining,CNV-1050
45,0.33517784266437767,0.5272769686271933,0.6285139978013489,0.7509877050969038,0.9213188534542617,1.1524838588044886,1.1949563864605326,1.1481189469313924,1.1814085173878943,1.3619225901257253,1.4404644540723608,Vantage Energy,Germany,Lithium Hydroxide,Germany,Spot Market Spod,Spodumene,Spot Market Spod,Spot Market Spod,Spot Market Spod,CNV-1050
46,0.0,0.0,0.0,0.31270552311830696,0.7369575735546728,0.7369575735546728,0.7369575735546727,0.7369575735546727,0.7369575735546726,0.7369575735546728,0.7369575735546727,Vantage Energy,Germany,Lithium Carbonate,Germany,RES-1238,Spodumene,North America,China,Amber Mining,CNV-1057
47,0.3174032600988425,0.49931531119999367,0.5951837100391562,0.7111625995235832,0.872461035468051,1.0913672905345537,1.1315874871785347,1.0872338512607884,1.1187580657082334,1.2896994224675429,1.3640761875685237,Vantage Energy,Germany,Lithium Carbonate,Germany,Spot Market Spod,Spodumene,Spot Market Spod,Spot Market Spod,Spot Market Spod,CNV-1057
48,0.0,0.0,0.0,0.16510851620646605,0.38911359883686725,0.38911359883686725,0.3891135988368672,0.3891135988368672,0.3891135988368672,0.38911359883686725,0.3891135988368672,Vantage Energy,Germany,Lithium Hydroxide,Germany,RES-1238,Spodumene,North America,China,Amber Mining,CNV-1157
49,0.16758892133218883,0.26363848431359665,0.31425699890067443,0.3754938525484519,0.46065942672713084,0.5762419294022443,0.5974781932302663,0.5740594734656962,0.5907042586939472,0.6809612950628626,0.7202322270361804,Vantage Energy,Germany,Lithium Hydroxide,Germany,Spot Market Spod,Spodumene,Spot Market Spod,Spot Market Spod,Spot Market Spod,CNV-1157
50,0.0,0.0,0.0,0.0,0.9536625010756593,2.543100002868425,2.91343894078614,2.91343894078614,2.91343894078614,2.91343894078614,2.91343894078614,Cascade Materials,France,Lithium Hydroxide,Middle East & Africa,RES-1171,Spodumene,North America,Australia,Highland Corp,CNV-1065
51,0.0,0.0,0.0,0.0,1.5385755017353973,4.102868004627727,4.7003481578016375,4.7003481578016375,4.7003481578016375,4.7003481578016375,4.7003481578016375,Cascade Materials,France,Lithium Hydroxide,Middle East & Africa,RES-1052,Spodumene,Middle East & Africa,Japan,Cascade Materials,CNV-1065
52,0.0,0.0,0.0,0.0,0.0,0.0,0.0,0.0,0.0,0.0,0.0,Cascade Materials,France,Lithium Hydroxide,Middle East & Africa,RES-1250,Spodumene,Middle East & Africa,Serbia,Cascade Materials,CNV-1065
53,0.0,0.0,0.0,0.4353842404358766,0.3582675772923845,0.0,0.0,0.0,0.0,0.0,0.0,Cascade Materials,France,Lithium Hydroxide,Middle East & Africa,Spot Market Spod,Spodumene,Spot Market Spod,Spot Market Spod,Spot Market Spod,CNV-1065
54,4.16374162838324,3.2100535106210475,3.5019296254256527,3.99222178640776,4.111953627058712,4.113441708602672,4.113441708602672,4.113441708602672,4.113441708602672,4.113441708602672,4.113441708602672,Stonebridge Holdings,Germany,Lithium Carbonate,Germany,Spot Market Lep,Brine,Spot Market Lep,Spot Market Lep,Spot Market Lep,CNV-1180
55,1.285646537886755,1.8832313928976812,2.054465380249716,2.3421034480258855,2.4123461278744442,2.4132191357135677,2.4132191357135677,2.4132191357135677,2.4132191357135677,2.4132191357135677,2.4132191357135677,Stonebridge Holdings,Germany,Lithium Hydroxide,Germany,Spot Market Lep,Brine,Spot Market Lep,Spot Market Lep,Spot Market Lep,CNV-1059
56,0.0,0.0,0.0,0.0,0.72269836563655,1.7176535314671366,1.7809542766892137,1.7111480986698884,1.7607626315059053,2.0297994879867294,2.1468577087551273,Blue Horizon Mining,Kazakhstan,Lithium Hydroxide,South America,Spot Market Spod,Spodumene,Spot Market Spod,Spot Market Spod,Spot Market Spod,CNV-1197
57,0.0,0.11100567760572501,0.2514055991205397,0.3308920227312662,0.47078636390038114,0.5889097822173038,0.6106128948648734,0.5866793481153902,0.6036900450877389,0.6959312530240217,0.7360655001446149,Redwood Metals,South Korea,Lithium Hydroxide,South America,Spot Market Spod,Spodumene,Spot Market Spod,Spot Market Spod,Spot Market Spod,CNV-1038
58,0.12315246491835072,0.19373434074559764,0.23093127949519254,0.3039443769406517,0.8454163023988606,1.5224656301640525,1.5785731088836212,1.5166994510937644,1.5606759688347789,1.7991404552609647,1.9028966054874985,Golden Peak Holdings,India,Lithium Hydroxide,South America,Spot Market Spod,Spodumene,Spot Market Spod,Spot Market Spod,Spot Market Spod,CNV-1006
59,0.0002329921617385587,1.7089980656217125,2.597166885977425,3.821249088797399,4.7763233145731,5.960558772767826,6.392448843144842,6.359044894305663,6.3054533182759105,6.290152742470453,6.232385647717891,Amber Energy,Bolivia,Lithium Hydroxide,Bolivia,RES-1066,Spodumene,Bolivia,Bolivia,Amber Energy,CNV-1201
60,3.591139939541165e-05,0.2951449756446884,0.40841227785816603,0.48384290985767003,0.5651530093126297,0.5651530093126297,0.5651530093126297,0.5651530093126297,0.5651530093126297,0.5651530093126297,0.5651530093126296,Amber Energy,Bolivia,Lithium Hydroxide,Bolivia,RES-1226,Spodumene,Bolivia,Bolivia,Amber Energy,CNV-1201
61,0.0,0.0,0.0,0.0,0.4099169940512922,1.0931119841367793,1.2522964168266977,1.2522964168266977,1.2522964168266977,1.2522964168266977,1.2522964168266975,Amber Energy,Bolivia,Lithium Hydroxide,Bolivia,RES-1133,Spodumene,Bolivia,Bolivia,Amber Energy,CNV-1201
62,0.0,0.0,0.0,0.015151239943075347,0.0,0.0,0.0,0.0,0.0,0.0,0.0,Amber Energy,Bolivia,Lithium Hydroxide,Bolivia,Spot Market Spod,Spodumene,Spot Market Spod,Spot Market Spod,Spot Market Spod,CNV-1201
63,0.708529163846957,0.8408121465872724,0.9232470931594896,1.2895700879827796,1.5733238305917128,1.96341171717273,2.105676571364415,2.094673290119992,2.077020192091783,2.0719801730329697,2.0529516565753525,Amber Energy,Germany,Spodumene Concentrate,Germany,RES-1066,Spodumene,Bolivia,Bolivia,Amber Energy,CNV-1190
64,0.10920656556144683,0.14520875448503245,0.14518337284332491,0.1632841328413284,0.186161748047756,0.18616174804775604,0.186161748047756,0.18616174804775604,0.186161748047756,0.186161748047756,0.186161748047756,Amber Energy,Germany,Spodumene Concentrate,Germany,RES-1226,Spodumene,Bolivia,Bolivia,Amber Energy,CNV-1190
65,0.0,0.0,0.0,0.0,0.13502690936722367,0.3600717583125966,0.41250720811686836,0.4125072081168684,0.41250720811686836,0.4125072081168683,0.4125072081168683,Amber Energy,Germany,Spodumene Concentrate,Germany,RES-1133,Spodumene,Bolivia,Bolivia,Amber Energy,CNV-1190
66,0.0,0.0,0.0,0.00511314111496169,0.0,0.0,0.0,0.0,0.0,0.0,0.0,Amber Energy,Germany,Spodumene Concentrate,Germany,Spot Market Spod,Spodumene,Spot Market Spod,Spot Market Spod,Spot Market Spod,CNV-1190
67,4.427084065194354,3.0776866879801124,2.4617763144995033,2.3730587575470037,2.2637230126513055,2.8249875842798002,3.0296804886033057,3.0138487949091295,2.9884492404918954,2.981197581992993,2.9538190539594327,Amber Energy,Germany,Lithium Carbonate,Germany,RES-1066,Spodumene,Bolivia,Bolivia,Amber Energy,CNV-1037
68,0.6823524999122167,0.5315183093758625,0.38712170465843626,0.30047443331576174,0.2678524439387712,0.2678524439387712,0.26785244393877117,0.2678524439387712,0.2678524439387712,0.2678524439387712,0.26785244393877117,Amber Energy,Germany,Lithium Carbonate,Germany,RES-1226,Spodumene,Bolivia,Bolivia,Amber Energy,CNV-1037
69,0.0,0.0,0.0,0.0,0.19427883574788865,0.5180768953277031,0.5935218432097998,0.5935218432097998,0.5935218432097998,0.5935218432097997,0.5935218432097997,Amber Energy,Germany,Lithium Carbonate,Germany,RES-1133,Spodumene,Bolivia,Bolivia,Amber Energy,CNV-1037
70,0.0,0.0,0.0,0.009409170090486405,0.0,0.0,0.0,0.0,0.0,0.0,0.0,Amber Energy,Germany,Lithium Carbonate,Germany,Spot Market Spod,Spodumene,Spot Market Spod,Spot Market Spod,Spot Market Spod,CNV-1037
71,3.209700020110384,2.231367391906427,1.784823457109897,1.7204675992215779,1.6412319468598695,2.0481568844291638,2.1965622025682405,2.1850839955090873,2.16666895095081,2.1614113935864143,2.14156156451477,Amber Energy,Germany,Lithium Carbonate,Germany,RES-1066,Spodumene,Bolivia,Bolivia,Amber Energy,CNV-1195
72,0.49471543807119084,0.38535846692078735,0.2806688386597872,0.2178439641539273,0.19419689846326574,0.1941968984632658,0.19419689846326568,0.19419689846326574,0.19419689846326574,0.19419689846326568,0.19419689846326568,Amber Energy,Germany,Lithium Carbonate,Germany,RES-1226,Spodumene,Bolivia,Bolivia,Amber Energy,CNV-1195
73,0.0,0.0,0.0,0.0,0.14085496769974812,0.3756132471993284,0.43031192632273046,0.4303119263227305,0.4303119263227305,0.43031192632273035,0.43031192632273035,Amber Energy,Germany,Lithium Carbonate,Germany,RES-1133,Spodumene,Bolivia,Bolivia,Amber Energy,CNV-1195
74,0.0,0.0,0.0,0.0068216483156026434,0.0,0.0,0.0,0.0,0.0,0.0,0.0,Amber Energy,Germany,Lithium Carbonate,Germany,Spot Market Spod,Spodumene,Spot Market Spod,Spot Market Spod,Spot Market Spod,CNV-1195
75,0.9741402282289139,0.6772174118438424,0.5416918462671662,0.5220729266603408,0.498111989679233,0.6216132356125386,0.6666540773038483,0.6631704547926461,0.6575815101571819,0.6559858476034262,0.6499614475345712,Amber Energy,Germany,Lithium Hydroxide,Germany,RES-1066,Spodumene,Bolivia,Bolivia,Amber Energy,CNV-1199
76,0.15014556087221612,0.11695584713964956,0.0851826665531773,0.06610437532946757,0.0589385331355193,0.05893853313551932,0.0589385331355193,0.05893853313551931,0.05893853313551931,0.05893853313551931,0.05893853313551929,Amber Energy,Germany,Lithium Hydroxide,Germany,RES-1226,Spodumene,Bolivia,Bolivia,Amber Energy,CNV-1199
77,0.0,0.0,0.0,0.0,0.04274931910225368,0.11399818427267652,0.13059916985738504,0.13059916985738504,0.13059916985738504,0.130599169857385,0.13059916985738498,Amber Energy,Germany,Lithium Hydroxide,Germany,RES-1133,Spodumene,Bolivia,Bolivia,Amber Energy,CNV-1199
78,0.0,0.0,0.0,0.002070017419907009,0.0,0.0,0.0,0.0,0.0,0.0,0.0,Amber Energy,Germany,Lithium Hydroxide,Germany,Spot Market Spod,Spodumene,Spot Market Spod,Spot Market Spod,Spot Market Spod,CNV-1199
79,0.8634689514030984,0.6002792940189619,0.4801506774135656,0.4627464577216657,0.4415218927891025,0.5509922628988443,0.5909160513006606,0.5878282003017332,0.5828742111079924,0.5814598304755555,0.5761198575850565,Amber Energy,Germany,Lithium Metal,Germany,RES-1066,Spodumene,Bolivia,Bolivia,Amber Energy,CNV-1264
80,0.13308764615939556,0.10366858873464271,0.07550513328057284,0.05859251449657354,0.0522425744559279,0.052242574455927906,0.0522425744559279,0.0522425744559279,0.0522425744559279,0.0522425744559279,0.05224257445592789,Amber Energy,Germany,Lithium Metal,Germany,RES-1226,Spodumene,Bolivia,Bolivia,Amber Energy,CNV-1264
81,0.0,0.0,0.0,0.0,0.03789260382515001,0.10104694353373336,0.11576190468583328,0.11576190468583328,0.11576190468583328,0.11576190468583326,0.11576190468583325,Amber Energy,Germany,Lithium Metal,Germany,RES-1133,Spodumene,Bolivia,Bolivia,Amber Energy,CNV-1264
82,0.0,0.0,0.0,0.0018347881676448491,0.0,0.0,0.0,0.0,0.0,0.0,0.0,Amber Energy,Germany,Lithium Metal,Germany,Spot Market Spod,Spodumene,Spot Market Spod,Spot Market Spod,Spot Market Spod,CNV-1264
83,0.24370980117853233,0.1694258341996314,0.13552013183340245,0.1305182316650852,0.12461735020437159,0.15551481570215625,0.1667831056828092,0.16591157515262084,0.16451333643253102,0.16411413455947946,0.1626069538677736,Amber Energy,Germany,Spodumene Concentrate,Germany,RES-1066,Spodumene,Bolivia,Bolivia,Amber Energy,CNV-1222
84,0.037563323767600576,0.029259941666604488,0.021310946953987907,0.016526093832366893,0.01474520585021602,0.014745205850216023,0.014745205850216022,0.014745205850216022,0.01474520585021602,0.01474520585021602,0.014745205850216018,Amber Energy,Germany,Spodumene Concentrate,Germany,RES-1226,Spodumene,Bolivia,Bolivia,Amber Energy,CNV-1222
85,0.0,0.0,0.0,0.0,0.010694998273369371,0.02851999539565167,0.03267321972514344,0.03267321972514344,0.032673219725143435,0.032673219725143435,0.032673219725143435,Amber Energy,Germany,Spodumene Concentrate,Germany,RES-1133,Spodumene,Bolivia,Bolivia,Amber Energy,CNV-1222
86,0.0,0.0,0.0,0.0005175043549767522,0.0,0.0,0.0,0.0,0.0,0.0,0.0,Amber Energy,Germany,Spodumene Concentrate,Germany,Spot Market Spod,Spodumene,Spot Market Spod,Spot Market Spod,Spot Market Spod,CNV-1222
87,0.0002329921617385587,0.00016197498489448517,1.2957331151681242,2.3730587575470037,2.2637230126513055,2.8249875842798002,3.0296804886033057,3.0138487949091295,2.9884492404918954,2.981197581992993,2.9538190539594327,Amber Energy,Germany,Lithium Carbonate,Germany,RES-1066,Spodumene,Bolivia,Bolivia,Amber Energy,CNV-1021
88,3.591139939541165e-05,2.7973175589488053e-05,0.20375791633540444,0.30047443331576174,0.2678524439387712,0.2678524439387712,0.26785244393877117,0.2678524439387712,0.2678524439387712,0.2678524439387712,0.26785244393877117,Amber Energy,Germany,Lithium Carbonate,Germany,RES-1226,Spodumene,Bolivia,Bolivia,Amber Energy,CNV-1021
89,0.0,0.0,0.0,0.0,0.19427883574788865,0.5180768953277031,0.5935218432097998,0.5935218432097998,0.5935218432097998,0.5935218432097997,0.5935218432097997,Amber Energy,Germany,Lithium Carbonate,Germany,RES-1133,Spodumene,Bolivia,Bolivia,Amber Energy,CNV-1021
90,0.0,0.0,0.0,0.009409170090486405,0.0,0.0,0.0,0.0,0.0,0.0,0.0,Amber Energy,Germany,Lithium Carbonate,Germany,Spot Market Spod,Spodumene,Spot Market Spod,Spot Market Spod,Spot Market Spod,CNV-1021
91,0.0,0.0,0.0,0.0,0.0,0.0,0.0,0.0,0.0,0.0,0.0,Amber Energy,Germany,Lithium Carbonate,Germany,RES-1144,Spodumene,Germany,Germany,Amber Energy,CNV-1081
92,1.7348923451596832,1.3375222960921036,1.4591373439273554,1.6634257443365665,1.7133140112744634,1.7139340452511136,1.7139340452511136,1.7139340452511136,1.7139340452511136,1.7139340452511136,1.7139340452511136,Pioneer Mining,Germany,Lithium Carbonate,Germany,Spot Market Lep,Brine,Spot Market Lep,Spot Market Lep,Spot Market Lep,CNV-1175
93,0.0,0.0,0.0,0.0,0.0,0.058834285714285714,0.15689142857142854,0.17973874285714286,0.17973874285714286,0.17973874285714286,0.17973874285714286,Ironclad Energy,Finland,Lithium Hydroxide,South America,RES-1223,Brine,South America,Finland,Ironclad Energy,CNV-1043
94,0.0,0.0,0.0,0.1451280801452923,0.39232196991698426,0.4907581518477532,0.5088440790540611,0.48889945676282515,0.5030750375731158,0.5799427108533513,0.6133879167871791,Copper Creek Group,Finland,Lithium Hydroxide,South America,Spot Market Spod,Spodumene,Spot Market Spod,Spot Market Spod,Spot Market Spod,CNV-1111
95,0.0,0.08571428571428572,0.2285714285714286,0.3475714285714286,0.4904285714285715,0.5237142857142858,0.5237142857142858,0.5237142857142858,0.5237142857142858,0.5237142857142858,0.5237142857142858,Pioneer Resources,Indonesia,Lithium Carbonate,Europe,RES-1168,Petalite,Europe,Indonesia,Pioneer Resources,CNV-1032
96,0.0,0.0,0.0,0.0,0.0,0.0,0.0,0.0,0.6921428571428571,1.8457142857142856,2.1144964285714285,Ironclad Industries,Japan,Lithium Carbonate,Middle East & Africa,RES-1107,Hard Rock,Middle East & Africa,Japan,Ironclad Industries,CNV-1221
97,0.253922608079074,0.39945224895999526,0.4761469680313252,0.6266894369910345,0.8916408407204187,1.115359436017621,1.156463816031957,1.1111351290064209,1.1433523581207174,1.3180516155757986,1.3940634472435889,Silverridge Industries,Germany,Lithium Carbonate,Germany,Spot Market Spod,Spodumene,Spot Market Spod,Spot Market Spod,Spot Market Spod,CNV-1253
98,0.2004652169045321,0.5991783734399929,0.7142204520469878,0.9400341554865518,1.3374612610806282,1.6730391540264316,1.7346957240479355,1.6667026935096312,1.715028537181076,1.9770774233636979,2.0910951708653833,Silverridge Industries,Germany,Lithium Carbonate,Germany,Spot Market Spod,Spodumene,Spot Market Spod,Spot Market Spod,Spot Market Spod,CNV-1166
99,0.0,0.0,0.0,0.07683185840707965,0.20488495575221238,0.23472132743362834,0.23472132743362834,0.23472132743362834,0.23472132743362834,0.23472132743362834,0.23472132743362834,Cobalt Bay Corp,Poland,Lithium Hydroxide,South America,RES-1215,Spodumene,South America,Poland,Cobalt Bay Corp,CNV-1049
100,0.0,0.0,0.0,0.0,0.0,0.0,0.0,0.0,0.6921428571428571,1.8457142857142856,2.1144964285714285,Frontier Holdings,Japan,Lithium Carbonate,Middle East & Africa,RES-1158,Hard Rock,Middle East & Africa,Japan,Frontier Holdings,CNV-1221
101,0.0,0.0,0.0,0.0,0.0,0.04285714285714286,0.1142857142857143,0.13092857142857142,0.13092857142857142,0.13092857142857142,0.13092857142857142,Frontier Metals,Indonesia,Lithium Carbonate,Europe,RES-1010,Petalite,Europe,Indonesia,Frontier Metals,CNV-1230
102,0.0,0.0,0.0,2.142857142857143,5.714285714285714,6.546428571428572,6.546428571428572,6.546428571428572,6.546428571428572,6.546428571428572,6.546428571428572,Titan Corp,Indonesia,Lithium Carbonate,Europe,RES-1212,Petalite,Europe,Indonesia,Titan Corp,CNV-1008
103,0.0,0.0,0.0,0.21428571428571427,0.5714285714285714,0.6546428571428571,0.6546428571428571,0.6546428571428571,0.6546428571428571,0.6546428571428571,0.6546428571428571,Titan Corp,Japan,Lithium Carbonate,Middle East & Africa,RES-1231,Pegmatite,Middle East & Africa,Japan,Titan Corp,CNV-1035
104,0.0,0.34285714285714286,0.9142857142857144,1.0474285714285716,1.0474285714285716,1.0474285714285716,1.0474285714285716,1.0474285714285716,1.0474285714285716,1.0474285714285716,1.0474285714285716,Silverridge Minerals,Sweden,Lithium Carbonate,Europe,RES-1063,Petalite,Europe,Sweden,Silverridge Minerals,CNV-1084
105,0.0,0.0,0.0,0.0,0.46247142857142853,1.233257142857143,2.4579885,4.199885642857143,4.605747677142857,4.605747677142857,4.605747677142857,Northstar Metals,Japan,Lithium Carbonate,Middle East & Africa,RES-1145,Petalite,Middle East & Africa,Japan,Northstar Metals,CNV-1051
106,0.0,0.0,0.0,0.0,0.0,0.0,0.0,0.0,0.19714285714285712,0.5257142857142858,0.6022714285714287,Titan Resources,Morocco,Lithium Carbonate,Europe,RES-1255,Hard Rock,Europe,Morocco,Titan Resources,CNV-1024
107,0.126961304039537,0.19972612447999763,0.23807348401566245,0.31334471849551726,0.44582042036020936,0.5576797180088106,0.5782319080159787,0.5555675645032104,0.5716761790603588,0.6590258077878992,0.6970317236217944,Crescent Corp,Germany,Lithium Carbonate,Germany,Spot Market Spod,Spodumene,Spot Market Spod,Spot Market Spod,Spot Market Spod,CNV-1086
108,0.055862973777396276,0.08787949477119895,0.10475233296689147,0.1378716761380276,0.19616098495849213,0.2453790759238766,0.2544220395270306,0.24444972838141257,0.2515375187865579,0.2899713554266756,0.30669395839358954,Crescent Corp,Germany,Lithium Hydroxide,Germany,Spot Market Spod,Spodumene,Spot Market Spod,Spot Market Spod,Spot Market Spod,CNV-1234
109,0.0,0.8571428571428571,2.2857142857142856,2.6185714285714283,2.6185714285714283,2.6185714285714283,2.6185714285714283,2.6185714285714283,2.6185714285714283,2.6185714285714283,2.6185714285714283,Pioneer Energy,Germany,Lithium Carbonate,Germany,RES-1103,Petalite,Germany,Germany,Pioneer Energy,CNV-1150
110,0.0,0.0,0.11314285714285714,0.3017142857142857,0.34565142857142855,0.34565142857142855,0.34565142857142855,0.34565142857142855,0.34565142857142855,0.34565142857142855,0.34565142857142855,Blue Horizon Corp,DR Congo,Lithium Hydroxide,South America,RES-1060,Spodumene,South America,DR Congo,Blue Horizon Corp,CNV-1105
111,0.0,0.0,0.0,0.0,0.14791403286978508,0.39443742098609375,0.4518773704171935,0.4518773704171935,0.4518773704171935,0.4518773704171935,0.4518773704171935,Atlas Materials,United Kingdom,Lithium Hydroxide,South America,RES-1172,Brine,South America,United Kingdom,Atlas Materials,CNV-1044
112,0.0,0.022865031875643288,0.05255654803631082,0.06021009534409858,0.06021009534409859,0.09360947651663727,0.09360947651663722,0.09360947651663724,0.09360947651663724,0.09360947651663723,0.09360947651663724,Pioneer Industries,Germany,Lithium Carbonate,Germany,RES-1213,Spodumene,Bolivia,Bolivia,Cascade Corp,CNV-1058
113,0.03592552264808362,0.03660355774207351,0.031550742820422584,0.031550742820422584,0.03155074282042259,0.03155074282042259,0.03155074282042258,0.03155074282042259,0.0315507428204226,0.03155074282042259,0.0315507428204226,Pioneer Industries,Germany,Lithium Carbonate,Germany,RES-1152,Spodumene,Germany,Germany,Pioneer Industries,CNV-1058
114,0.1705427672655301,0.17376148122454182,0.14977516242661956,0.14977516242661956,0.0,0.0,0.0,0.0,0.0,0.0,0.0,Pioneer Industries,Germany,Lithium Carbonate,Germany,RES-1017,Spodumene,Bolivia,Bolivia,Silverridge Mining,CNV-1058
115,0.02077784513756756,0.08551199393740515,0.1018158300385461,0.1322396510149578,0.23734888504751678,0.28317675598626657,0.29361267880487485,0.28210425369051084,0.2902838325176081,0.3346379370347799,0.35393645481583996,Pioneer Industries,Germany,Lithium Carbonate,Germany,Spot Market Spod,Spodumene,Spot Market Spod,Spot Market Spod,Spot Market Spod,CNV-1058
116,0.0,0.023474766058993773,0.05395805598394577,0.06181569788660788,0.06181569788660789,0.09610572922374758,0.09610572922374756,0.09610572922374759,0.09610572922374758,0.09610572922374758,0.09610572922374758,Pioneer Industries,Germany,Lithium Hydroxide,Germany,RES-1213,Spodumene,Bolivia,Bolivia,Cascade Corp,CNV-1174
117,0.036883536585365854,0.03757965261519546,0.03239209596230052,0.03239209596230052,0.03239209596230053,0.03239209596230053,0.03239209596230051,0.032392095962300534,0.03239209596230053,0.03239209596230053,0.032392095962300534,Pioneer Industries,Germany,Lithium Hydroxide,Germany,RES-1152,Spodumene,Germany,Germany,Pioneer Industries,CNV-1174
118,0.17509057439261094,0.17839512072386296,0.1537691667579961,0.1537691667579961,0.0,0.0,0.0,0.0,0.0,0.0,0.0,Pioneer Industries,Germany,Lithium Hydroxide,Germany,RES-1017,Spodumene,Bolivia,Bolivia,Silverridge Mining,CNV-1174
119,0.0213319210079027,0.08779231377573594,0.10453091883957401,0.13576604170869003,0.24367818864878385,0.2907281361459003,0.30144235023967153,0.2896270337889245,0.29802473471807767,0.3435616153557074,0.3633747602775957,Pioneer Industries,Germany,Lithium Hydroxide,Germany,Spot Market Spod,Spodumene,Spot Market Spod,Spot Market Spod,Spot Market Spod,CNV-1174
120,0.0,0.038108386459405494,0.08759424672718473,0.100350158906831,0.100350158906831,0.15601579419439546,0.1560157941943954,0.15601579419439543,0.15601579419439543,0.15601579419439543,0.15601579419439543,Pioneer Industries,Germany,Lithium Carbonate,Germany,RES-1213,Spodumene,Bolivia,Bolivia,Cascade Corp,CNV-1028
121,0.05987587108013938,0.061005929570122526,0.05258457136737099,0.05258457136737099,0.05258457136737099,0.052584571367371005,0.052584571367370984,0.052584571367371,0.052584571367371,0.05258457136737099,0.052584571367371,Pioneer Industries,Germany,Lithium Carbonate,Germany,RES-1152,Spodumene,Germany,Germany,Pioneer Industries,CNV-1028
122,0.2842379454425502,0.28960246870756984,0.2496252707110327,0.2496252707110327,0.0,0.0,0.0,0.0,0.0,0.0,0.0,Pioneer Industries,Germany,Lithium Carbonate,Germany,RES-1017,Spodumene,Bolivia,Bolivia,Silverridge Mining,CNV-1028
123,0.034629741895945934,0.1425199898956753,0.16969305006424357,0.2203994183582631,0.39558147507919467,0.47196125997711114,0.48935446467479154,0.47017375615085155,0.4838063875293469,0.5577298950579667,0.5898940913597334,Pioneer Industries,Germany,Lithium Carbonate,Germany,Spot Market Spod,Spodumene,Spot Market Spod,Spot Market Spod,Spot Market Spod,CNV-1028
124,0.0,0.06707076016855366,0.1541658742398451,0.17661627967602253,0.1766162796760226,0.274587797782136,0.27458779778213593,0.274587797782136,0.27458779778213593,0.27458779778213593,0.274587797782136,Pioneer Industries,Germany,Lithium Hydroxide,Germany,RES-1213,Spodumene,Bolivia,Bolivia,Cascade Corp,CNV-1209
125,0.20022491289198605,0.10737043604341565,0.09254884560657294,0.09254884560657294,0.09254884560657295,0.09254884560657295,0.09254884560657292,0.09254884560657296,0.09254884560657295,0.09254884560657295,0.09254884560657296,Pioneer Industries,Germany,Lithium Hydroxide,Germany,RES-1152,Spodumene,Germany,Germany,Pioneer Industries,CNV-1209
126,0.9504916895598878,0.5097003449253228,0.4393404764514175,0.4393404764514175,0.0,0.0,0.0,0.0,0.0,0.0,0.0,Pioneer Industries,Germany,Lithium Hydroxide,Germany,RES-1017,Spodumene,Bolivia,Bolivia,Silverridge Mining,CNV-1209
127,0.11580185690004322,0.25083518221638845,0.29865976811306866,0.38790297631054305,0.6962233961393827,0.8306518175597154,0.861263857827633,0.8275058108254988,0.8514992420516504,0.9816046153020211,1.0382136007931309,Pioneer Industries,Germany,Lithium Hydroxide,Germany,Spot Market Spod,Spodumene,Spot Market Spod,Spot Market Spod,Spot Market Spod,CNV-1209
128,0.0,0.1006061402528305,0.23124881135976763,0.26492441951403384,0.26492441951403384,0.411881696673204,0.4118816966732039,0.411881696673204,0.4118816966732039,0.4118816966732039,0.411881696673204,Pioneer Industries,Germany,Lithium Hydroxide,Germany,RES-1213,Spodumene,Bolivia,Bolivia,Cascade Corp,CNV-1114
129,0.15807229965156794,0.16105565406512348,0.1388232684098594,0.13882326840985942,0.13882326840985942,0.13882326840985942,0.1388232684098594,0.13882326840985942,0.13882326840985942,0.13882326840985942,0.13882326840985945,Pioneer Industries,Germany,Lithium Hydroxide,Germany,RES-1152,Spodumene,Germany,Germany,Pioneer Industries,CNV-1114
130,0.7503881759683324,0.7645505173879842,0.6590107146771261,0.6590107146771264,0.0,0.0,0.0,0.0,0.0,0.0,0.0,Pioneer Industries,Germany,Lithium Hydroxide,Germany,RES-1017,Spodumene,Bolivia,Bolivia,Silverridge Mining,CNV-1114
131,0.09142251860529726,0.3762527733245827,0.44798965216960296,0.5818544644658145,1.0443350942090739,1.2459777263395733,1.2918957867414496,1.241258716238248,1.2772488630774759,1.4724069229530319,1.557320401189696,Pioneer Industries,Germany,Lithium Hydroxide,Germany,Spot Market Spod,Spodumene,Spot Market Spod,Spot Market Spod,Spot Market Spod,CNV-1114
132,0.0,0.03530040008871246,0.1541658742398451,0.17661627967602253,0.1766162796760226,0.274587797782136,0.27458779778213593,0.274587797782136,0.27458779778213593,0.27458779778213593,0.274587797782136,Pioneer Industries,Germany,Lithium Hydroxide,Germany,RES-1213,Spodumene,Bolivia,Bolivia,Cascade Corp,CNV-1235
133,0.0,0.05651075581232402,0.09254884560657294,0.09254884560657294,0.09254884560657295,0.09254884560657295,0.09254884560657292,0.09254884560657296,0.09254884560657295,0.09254884560657295,0.09254884560657296,Pioneer Industries,Germany,Lithium Hydroxide,Germany,RES-1152,Spodumene,Germany,Germany,Pioneer Industries,CNV-1235
134,0.0,0.26826333943438047,0.4393404764514175,0.4393404764514175,0.0,0.0,0.0,0.0,0.0,0.0,0.0,Pioneer Industries,Germany,Lithium Hydroxide,Germany,RES-1017,Spodumene,Bolivia,Bolivia,Silverridge Mining,CNV-1235
135,0.0,0.13201851695599395,0.29865976811306866,0.38790297631054305,0.6962233961393827,0.8306518175597154,0.861263857827633,0.8275058108254988,0.8514992420516504,0.9816046153020211,1.0382136007931309,Pioneer Industries,Germany,Lithium Hydroxide,Germany,Spot Market Spod,Spodumene,Spot Market Spod,Spot Market Spod,Spot Market Spod,CNV-1235
136,0.0,0.019274820730257197,0.08417807110482449,0.09643650270946458,0.09643650270946458,0.149931178220814,0.14993117822081395,0.149931178220814,0.149931178220814,0.149931178220814,0.149931178220814,Pioneer Industries,Germany,Lithium Metal,Germany,RES-1213,Spodumene,Bolivia,Bolivia,Cascade Corp,CNV-1096
137,0.0,0.030856157008888285,0.050533773084043505,0.05053377308404351,0.05053377308404352,0.05053377308404353,0.050533773084043505,0.05053377308404353,0.05053377308404353,0.05053377308404352,0.05053377308404353,Pioneer Industries,Germany,Lithium Metal,Germany,RES-1152,Spodumene,Germany,Germany,Pioneer Industries,CNV-1096
138,0.0,0.14647788022524977,0.23988988515330237,0.2398898851533024,0.0,0.0,0.0,0.0,0.0,0.0,0.0,Pioneer Industries,Germany,Lithium Metal,Germany,RES-1017,Spodumene,Bolivia,Bolivia,Silverridge Mining,CNV-1096
139,0.0,0.0720851106788126,0.16307502111173802,0.2118038410422908,0.38015379755110607,0.4535547708380037,0.4702696405524746,0.4518369796609683,0.46493793841570236,0.5359784291507059,0.5668882217967036,Pioneer Industries,Germany,Lithium Metal,Germany,Spot Market Spod,Spodumene,Spot Market Spod,Spot Market Spod,Spot Market Spod,CNV-1096
140,0.0,0.0,0.0,0.0,0.17657142857142857,0.4708571428571429,0.5394257142857143,0.5394257142857143,0.5394257142857143,0.5394257142857143,0.5394257142857143,Northstar Corp,Japan,Lithium Hydroxide,Middle East & Africa,RES-1263,Hard Rock,Middle East & Africa,Japan,Northstar Corp,CNV-1167
141,2.6185714285714283,2.6185714285714283,2.6185714285714283,2.6185714285714283,2.6185714285714283,2.6185714285714283,2.6185714285714283,2.6185714285714283,2.6185714285714283,2.6185714285714283,2.6185714285714283,Ironclad Corp,Germany,Lithium Carbonate,Germany,RES-1020,Petalite,Germany,Germany,Ironclad Corp,CNV-1203
142,0.5846902159715519,1.2982198091199846,1.5474776461018058,2.0367406702208624,2.89783273234136,3.624918167057267,3.7585074021038616,3.6111891692708684,3.7158951638923328,4.283667750621346,4.530706203541665,Redwood Industries,Germany,Lithium Carbonate,Germany,Spot Market Spod,Spodumene,Spot Market Spod,Spot Market Spod,Spot Market Spod,CNV-1098
143,0.11172594755479255,0.1757589895423979,0.20950466593378295,0.2757433522760552,0.3923219699169841,0.49075815184775307,0.5088440790540611,0.48889945676282526,0.5030750375731158,0.5799427108533514,0.6133879167871792,Redwood Industries,Germany,Lithium Hydroxide,Germany,Spot Market Spod,Spodumene,Spot Market Spod,Spot Market Spod,Spot Market Spod,CNV-1251
144,0.19639285714285712,0.19639285714285712,0.19639285714285712,0.19639285714285712,0.19639285714285712,0.19639285714285712,0.19639285714285712,0.19639285714285712,0.19639285714285712,0.19639285714285712,0.19639285714285712,Horizon Energy,Spain,Lithium Carbonate,Europe,RES-1130,Spodumene,Europe,Spain,Horizon Energy,CNV-1254
145,1.8262024685891405,2.675044592184207,2.918274687854711,3.326851488673133,3.4266280225489267,3.427868090502227,3.427868090502227,3.427868090502227,3.427868090502227,3.427868090502227,3.427868090502227,Cascade Energy,Germany,Lithium Carbonate,Germany,Spot Market Lep,Brine,Spot Market Lep,Spot Market Lep,Spot Market Lep,CNV-1118
146,0.126961304039537,0.19972612447999763,0.2380734840156626,0.31334471849551726,0.44582042036020925,0.5576797180088106,0.5782319080159785,0.5555675645032104,0.5716761790603588,0.6590258077878992,0.6970317236217946,Cascade Energy,Germany,Lithium Carbonate,Germany,Spot Market Spod,Spodumene,Spot Market Spod,Spot Market Spod,Spot Market Spod,CNV-1003
147,0.11172594755479255,0.1757589895423979,0.20950466593378309,0.2757433522760552,0.3923219699169841,0.4907581518477532,0.508844079054061,0.48889945676282515,0.5030750375731158,0.5799427108533513,0.6133879167871792,Cascade Energy,Germany,Lithium Hydroxide,Germany,Spot Market Spod,Spodumene,Spot Market Spod,Spot Market Spod,Spot Market Spod,CNV-1093
148,0.0,0.42857142857142855,1.1428571428571428,1.3092857142857142,1.5235714285714284,1.8807142857142856,1.9639285714285712,1.9639285714285712,1.9639285714285712,1.9639285714285712,1.9639285714285712,Cascade Resources,Indonesia,Lithium Carbonate,Europe,RES-1225,Petalite,Europe,Indonesia,Cascade Resources,CNV-1022
149,0.0,0.0,0.0,0.0,0.9,2.4,2.7495000000000003,2.7495000000000003,2.7495000000000003,2.7495000000000003,2.7495000000000003,Cascade Resources,Indonesia,Lithium Carbonate,Europe,RES-1040,Petalite,Europe,Indonesia,Cascade Resources,CNV-1241
150,0.0,0.0,0.0,1.2857142857142858,3.4285714285714284,3.927857142857143,3.927857142857143,5.213571428571429,7.356428571428572,7.855714285714286,7.855714285714286,Cascade Resources,Japan,Lithium Carbonate,Middle East & Africa,RES-1135,Hard Rock,Middle East & Africa,Japan,Cascade Resources,CNV-1207
151,0.0,0.04204760515368371,0.09522939360626503,0.1253378873982069,0.1783281681440838,0.2230718872035242,0.2312927632063914,0.2222270258012842,0.22867047162414345,0.26361032311515964,0.2788126894487178,Falcon Materials,Serbia,Lithium Carbonate,Middle East & Africa,Spot Market Spod,Spodumene,Spot Market Spod,Spot Market Spod,Spot Market Spod,CNV-1258
152,0.0,0.0,0.0,0.4824308948530888,1.45671947039307,1.4567194703930701,1.45671947039307,1.4567194703930701,1.45671947039307,1.45671947039307,1.4567194703930697,Silverridge Group,Germany,Lithium Hydroxide,Germany,RES-1238,Spodumene,North America,China,Amber Mining,CNV-1079
153,0.0,0.0,0.0,0.0,0.0,0.0,0.0,0.0,0.0,0.0,0.0,Silverridge Group,Germany,Lithium Hydroxide,Germany,RES-1017,Spodumene,Bolivia,Bolivia,Silverridge Mining,CNV-1079
154,0.0,0.0,0.0,0.3593381761067392,0.5462698013974012,0.5462698013974012,0.5462698013974012,0.5462698013974012,0.5462698013974012,0.5462698013974012,0.5462698013974012,Silverridge Group,Germany,Lithium Hydroxide,Germany,RES-1165,Spodumene,Bolivia,Bolivia,Falcon Holdings,CNV-1079
155,0.0,0.0,0.0,0.676416138972071,1.695951331724398,2.1214767588899424,2.1996596155306216,2.113441887926126,2.174720880683697,2.507008753559531,2.6515875584510193,Silverridge Group,Germany,Lithium Hydroxide,Germany,Spot Market Spod,Spodumene,Spot Market Spod,Spot Market Spod,Spot Market Spod,CNV-1079
156,0.0,0.0,0.0,0.4020257457109073,1.2139328919942252,1.2139328919942252,1.2139328919942252,1.2139328919942252,1.2139328919942247,1.2139328919942252,1.2139328919942247,Silverridge Group,Germany,Lithium Hydroxide,Germany,RES-1238,Spodumene,North America,China,Amber Mining,CNV-1240
157,0.0,0.0,0.0,0.0,0.0,0.0,0.0,0.0,0.0,0.0,0.0,Silverridge Group,Germany,Lithium Hydroxide,Germany,RES-1017,Spodumene,Bolivia,Bolivia,Silverridge Mining,CNV-1240
158,0.0,0.0,0.0,0.29944848008894936,0.45522483449783435,0.45522483449783435,0.45522483449783435,0.45522483449783435,0.45522483449783435,0.45522483449783435,0.4552248344978343,Silverridge Group,Germany,Lithium Hydroxide,Germany,RES-1165,Spodumene,Bolivia,Bolivia,Falcon Holdings,CNV-1240
159,0.0,0.0,0.0,0.5636801158100592,1.4132927764369982,1.7678972990749522,1.8330496796088516,1.7612015732717716,1.8122674005697477,2.0891739612996094,2.2096562987091826,Silverridge Group,Germany,Lithium Hydroxide,Germany,Spot Market Spod,Spodumene,Spot Market Spod,Spot Market Spod,Spot Market Spod,CNV-1240
160,0.0,0.0,0.0,0.381924458425362,0.6069664459971126,0.6069664459971126,0.6069664459971126,0.6069664459971126,0.6069664459971124,0.6069664459971126,0.6069664459971124,Silverridge Group,Germany,Lithium Hydroxide,Germany,RES-1238,Spodumene,North America,China,Amber Mining,CNV-1123
161,0.7635219293094709,0.582687788157228,0.0,0.0,0.0,0.0,0.0,0.0,0.0,0.0,0.0,Silverridge Group,Germany,Lithium Hydroxide,Germany,RES-1017,Spodumene,Bolivia,Bolivia,Silverridge Mining,CNV-1123
162,0.890108639650659,0.6865908983055004,0.4991214442583387,0.28447605608450194,0.22761241724891718,0.22761241724891718,0.22761241724891718,0.22761241724891718,0.22761241724891718,0.22761241724891718,0.22761241724891715,Silverridge Group,Germany,Lithium Hydroxide,Germany,RES-1165,Spodumene,Bolivia,Bolivia,Falcon Holdings,CNV-1123
163,0.12461701056658789,0.25260202222169587,0.4362044997533435,0.5354961100195562,0.7066463882184991,0.8839486495374761,0.9165248398044258,0.8806007866358858,0.9061337002848738,1.0445869806498047,1.1048281493545913,Silverridge Group,Germany,Lithium Hydroxide,Germany,Spot Market Spod,Spodumene,Spot Market Spod,Spot Market Spod,Spot Market Spod,CNV-1123
164,0.0,0.0,0.0,0.381924458425362,0.6069664459971126,0.6069664459971126,0.6069664459971126,0.6069664459971126,0.6069664459971124,0.6069664459971126,0.6069664459971124,Silverridge Group,Germany,Lithium Hydroxide,Germany,RES-1238,Spodumene,North America,China,Amber Mining,CNV-1260
165,0.40185364700498477,0.582687788157228,0.0,0.0,0.0,0.0,0.0,0.0,0.0,0.0,0.0,Silverridge Group,Germany,Lithium Hydroxide,Germany,RES-1017,Spodumene,Bolivia,Bolivia,Silverridge Mining,CNV-1260
166,0.4684782313950837,0.6865908983055004,0.4991214442583387,0.28447605608450194,0.22761241724891718,0.22761241724891718,0.22761241724891718,0.22761241724891718,0.22761241724891718,0.22761241724891718,0.22761241724891715,Silverridge Group,Germany,Lithium Hydroxide,Germany,RES-1165,Spodumene,Bolivia,Bolivia,Falcon Holdings,CNV-1260
167,0.06558790029820416,0.25260202222169587,0.4362044997533435,0.5354961100195562,0.7066463882184991,0.8839486495374761,0.9165248398044258,0.8806007866358858,0.9061337002848738,1.0445869806498047,1.1048281493545913,Silverridge Group,Germany,Lithium Hydroxide,Germany,Spot Market Spod,Spodumene,Spot Market Spod,Spot Market Spod,Spot Market Spod,CNV-1260
168,0.0,0.34285714285714286,0.9142857142857144,1.0474285714285716,1.0474285714285716,1.0474285714285716,1.0474285714285716,1.0474285714285716,1.0474285714285716,1.0474285714285716,1.0474285714285716,Atlas Resources,Germany,Lithium Carbonate,Germany,RES-1218,Petalite,Germany,Germany,Atlas Resources,CNV-1210
169,0.0,0.0,2.142857142857143,5.714285714285714,6.546428571428572,6.546428571428572,6.546428571428572,6.546428571428572,6.546428571428572,6.546428571428572,6.546428571428572,Atlas Resources,Germany,Lithium Carbonate,Germany,RES-1128,Petalite,Germany,Germany,Atlas Resources,CNV-1131
170,0.0,0.0,0.0,0.0,0.0,0.873990857142857,2.330642285714286,2.6700420685714286,2.6700420685714286,2.6700420685714286,2.6700420685714286,Vantage Metals,Serbia,Lithium Hydroxide,Middle East & Africa,RES-1122,Spodumene,Middle East & Africa,Serbia,Vantage Metals,CNV-1031
171,0.0,0.0,0.8571428571428571,2.2857142857142856,2.6185714285714283,2.6185714285714283,2.6185714285714283,2.6185714285714283,2.6185714285714283,2.6185714285714283,2.6185714285714283,Atlas Industries,Indonesia,Lithium Carbonate,Europe,RES-1149,Petalite,Europe,Indonesia,Atlas Industries,CNV-1143
172,0.0,0.0,0.0,0.0,0.0,0.0,0.0,0.0,0.27600857142857144,0.7360228571428573,0.843206185714286,Sierra Metals,Japan,Lithium Carbonate,Middle East & Africa,RES-1012,Hard Rock,Middle East & Africa,Japan,Sierra Metals,CNV-1153
173,0.0,0.0,0.15085714285714286,0.4022857142857144,0.4608685714285715,0.4608685714285715,0.4608685714285715,0.4608685714285715,0.4608685714285715,0.4608685714285715,0.4608685714285715,Stonebridge Energy,Japan,Lithium Hydroxide,Middle East & Africa,RES-1232,Lepidolite,Middle East & Africa,Japan,Stonebridge Energy,CNV-1045
174,0.0,0.0,0.5245714285714286,1.398857142857143,1.6025657142857141,1.6025657142857141,1.6025657142857141,1.6025657142857141,1.6025657142857141,1.6025657142857141,1.6025657142857141,Meridian Corp,Indonesia,Lithium Carbonate,Europe,RES-1080,Petalite,Europe,Indonesia,Meridian Corp,CNV-1119
175,0.11760626058399218,0.3515179790847958,0.41900933186756617,0.5514867045521104,0.7846439398339685,0.9815163036955064,1.0176881581081223,0.9777989135256503,1.0061500751462316,1.1598854217067025,1.2267758335743582,Blue Horizon Group,Germany,Lithium Hydroxide,Germany,Spot Market Spod,Spodumene,Spot Market Spod,Spot Market Spod,Spot Market Spod,CNV-1186
176,20.68642857142857,27.561000000000003,34.428942857142864,35.92680000000001,35.92680000000001,35.92680000000001,35.92680000000001,35.92680000000001,35.92680000000001,35.92680000000001,35.92680000000001,Titan Holdings,Vietnam,Lithium Carbonate,Europe,RES-1191,Petalite,Europe,Vietnam,Titan Holdings,CNV-1046
177,20.68642857142857,27.561000000000003,34.428942857142864,35.92680000000001,35.92680000000001,35.92680000000001,35.92680000000001,35.92680000000001,35.92680000000001,35.92680000000001,35.92680000000001,Titan Holdings,Vietnam,Lithium Carbonate,Europe,RES-1191,Petalite,Germany,Germany,Titan Holdings,CNV-1046
178,0.0,0.0,0.0,1.0714285714285714,2.857142857142857,3.273214285714286,3.273214285714286,3.273214285714286,3.273214285714286,3.273214285714286,3.273214285714286,Titan Holdings,Bolivia,Lithium Hydroxide,Bolivia,RES-1015,Spodumene,Bolivia,Bolivia,Titan Holdings,CNV-1147
179,0.0,0.0,0.0,0.8860391600902944,2.4278657839884494,2.91343894078614,2.91343894078614,2.91343894078614,2.91343894078614,2.91343894078614,2.91343894078614,Falcon Mining,Germany,Lithium Hydroxide,Germany,RES-1101,Spodumene,Bolivia,Bolivia,Crescent Energy,CNV-1005
180,0.0,0.0,0.0,0.0,0.0,0.0,0.0,0.0,0.0,0.0,0.0,Falcon Mining,Germany,Lithium Hydroxide,Germany,Spot Market Spod,Spodumene,Spot Market Spod,Spot Market Spod,Spot Market Spod,CNV-1005
181,1.2464400000000002,1.2464400000000002,1.2464400000000002,1.2464400000000002,1.2464400000000002,1.2464400000000002,1.2464400000000002,1.2464400000000002,1.2464400000000002,1.2464400000000002,1.2464400000000002,Summit Corp,Germany,Lithium Carbonate,Germany,RES-1138,Spodumene,Germany,Germany,Summit Corp,CNV-1016
182,0.0,0.0,0.0,0.0,0.0,0.0,0.0,0.0,0.0,0.0,0.0,Summit Corp,Germany,Lithium Carbonate,Germany,RES-1188,Spodumene,Germany,Germany,Summit Corp,CNV-1233
183,0.0,0.0,0.0,0.19165865992414668,0.5110897597977245,0.5855172060682682,0.5855172060682682,0.5855172060682682,0.5855172060682682,0.5855172060682682,0.5855172060682682,Blue Horizon Resources,Italy,Lithium Hydroxide,South America,RES-1148,Clay,South America,Italy,Blue Horizon Resources,CNV-1173
184,0.0,0.0,0.0,0.0,0.7039269795161198,1.6730391540264316,1.7346957240479355,1.6667026935096316,1.715028537181076,1.9770774233636974,2.0910951708653833,Granite Resources,Germany,Lithium Carbonate,Germany,Spot Market Spod,Spodumene,Spot Market Spod,Spot Market Spod,Spot Market Spod,CNV-1126
185,0.0,0.0,0.0,1.0714285714285714,2.857142857142857,3.273214285714286,3.273214285714286,3.273214285714286,3.273214285714286,3.273214285714286,3.273214285714286,Cobalt Bay Industries,Bolivia,Lithium Hydroxide,Bolivia,RES-1014,Spodumene,Bolivia,Bolivia,Cobalt Bay Industries,CNV-1147
186,0.0,0.0,0.504,1.3439999999999999,1.5397200000000002,1.5397200000000002,1.5397200000000002,1.5397200000000002,1.5397200000000002,1.5397200000000002,1.5397200000000002,Falcon Minerals,Indonesia,Lithium Carbonate,Europe,RES-1055,Petalite,Europe,Indonesia,Falcon Minerals,CNV-1119
187,0.0,0.013857216115697115,0.0314389401692231,0.0323371676863876,0.032340394545621494,0.05028006327603103,0.050280063276031024,0.050280063276031024,0.050280063276031024,0.050280063276031024,0.050280063276031024,Frontier Group,Germany,Lithium Carbonate,Germany,RES-1213,Spodumene,Bolivia,Bolivia,Cascade Corp,CNV-1074
188,0.0,0.0,0.0,0.055513744670035496,0.18096799642829708,0.25738893799195167,0.27017154000320664,0.27017154000320664,0.27017154000320664,0.27017154000320664,0.27017154000320664,Frontier Group,Germany,Lithium Carbonate,Germany,RES-1075,Spodumene,North America,Netherlands,Frontier Group,CNV-1074
189,0.0,0.0,0.0,0.04550973066201124,0.1072641349888662,0.1072641349888662,0.10726413498886618,0.10726413498886618,0.10726413498886618,0.10726413498886618,0.10726413498886618,Frontier Group,Germany,Lithium Carbonate,Germany,RES-1238,Spodumene,North America,China,Amber Mining,CNV-1074
190,0.21431393024929718,0.2402426138009381,0.28840641323752064,0.2765127553809105,0.2765403480181706,0.2765403480181707,0.2765403480181706,0.2765403480181706,0.2765403480181706,0.2765403480181706,0.2765403480181706,Frontier Group,Germany,Lithium Carbonate,Germany,RES-1048,Spodumene,Bolivia,Bolivia,Frontier Group,CNV-1074
191,0.21431393024929718,0.2402426138009381,0.28840641323752064,0.2765127553809105,0.2765403480181706,0.2765403480181707,0.2765403480181706,0.2765403480181706,0.2765403480181706,0.2765403480181706,0.2765403480181706,Frontier Group,Germany,Lithium Carbonate,Germany,RES-1039,Spodumene,Bolivia,Bolivia,Redwood Group,CNV-1074
192,0.04675940296348303,0.03949016577487901,0.03359789987857163,0.0301650278597357,0.030168037965618618,0.03016803796561862,0.030168037965618618,0.030168037965618618,0.030168037965618618,0.030168037965618618,0.030168037965618618,Frontier Group,Germany,Lithium Carbonate,Germany,RES-1124,Spodumene,Germany,Germany,Frontier Group,CNV-1074
193,0.15505576377977598,0.2564426461221503,0.15860673008246362,0.17513903626945276,0.20782426154092826,0.20782426154092826,0.20782426154092823,0.20782426154092823,0.20782426154092823,0.20782426154092823,0.20782426154092823,Frontier Group,Germany,Lithium Carbonate,Germany,RES-1165,Spodumene,Bolivia,Bolivia,Falcon Holdings,CNV-1074
194,0.04259082407070187,0.043478762896165625,0.050040671212832497,0.044797359826699294,0.0,0.0,0.0,0.0,0.0,0.0,0.0,Frontier Group,Germany,Lithium Carbonate,Germany,Spot Market Spod,Spodumene,Spot Market Spod,Spot Market Spod,Spot Market Spod,CNV-1074
195,0.0,0.08141114467972056,0.1847037734941857,0.18998086015752716,0.18997907602375277,0.29536312397553754,0.2953631239755376,0.2953631239755376,0.2953631239755376,0.2953631239755376,0.2953631239755376,Frontier Group,Germany,Lithium Hydroxide,Germany,RES-1213,Spodumene,Bolivia,Bolivia,Cascade Corp,CNV-1214
196,0.0,0.0,0.0,0.32614324993645855,1.0630709128430327,1.511994930966798,1.5870845194952217,1.5870845194952217,1.5870845194952217,1.5870845194952217,1.5870845194952217,Frontier Group,Germany,Lithium Hydroxide,Germany,RES-1075,Spodumene,North America,Netherlands,Frontier Group,CNV-1214
197,0.0,0.0,0.0,0.267369667639316,0.63010799781448,0.63010799781448,0.6301079978144802,0.6301079978144802,0.6301079978144802,0.6301079978144802,0.6301079978144802,Frontier Group,Germany,Lithium Hydroxide,Germany,RES-1238,Spodumene,North America,China,Amber Mining,CNV-1214
198,0.6626812316919058,1.4114253560805115,1.694387677770434,1.6245124378628493,1.6244971818654563,1.6244971818654566,1.624497181865457,1.624497181865457,1.624497181865457,1.624497181865457,1.624497181865457,Frontier Group,Germany,Lithium Hydroxide,Germany,RES-1048,Spodumene,Bolivia,Bolivia,Frontier Group,CNV-1214
199,0.6626812316919058,1.4114253560805115,1.694387677770434,1.6245124378628493,1.6244971818654563,1.6244971818654566,1.624497181865457,1.624497181865457,1.624497181865457,1.624497181865457,1.624497181865457,Frontier Group,Germany,Lithium Hydroxide,Germany,RES-1039,Spodumene,Bolivia,Bolivia,Redwood Group,CNV-1214
200,0.14458499600550676,0.2320047239274142,0.19738766178660838,0.17721953867594722,0.17721787438532255,0.17721787438532255,0.17721787438532258,0.17721787438532258,0.17721787438532258,0.17721787438532258,0.17721787438532258,Frontier Group,Germany,Lithium Hydroxide,Germany,RES-1124,Spodumene,Germany,Germany,Frontier Group,CNV-1214
201,0.4794487432664125,1.506600545967633,0.9318145392344739,1.028941838083035,1.2208342457655552,1.2208342457655552,1.2208342457655554,1.2208342457655554,1.2208342457655554,1.2208342457655554,1.2208342457655554,Frontier Group,Germany,Lithium Hydroxide,Germany,RES-1165,Spodumene,Bolivia,Bolivia,Falcon Holdings,CNV-1214
202,0.1316953112712492,0.25543773201497305,0.29398894337539094,0.2631844889818583,0.0,0.0,0.0,0.0,0.0,0.0,0.0,Frontier Group,Germany,Lithium Hydroxide,Germany,Spot Market Spod,Spodumene,Spot Market Spod,Spot Market Spod,Spot Market Spod,CNV-1214
203,0.0,0.035098869766732835,0.0982466880288222,0.10105364901996126,0.10105469160019155,0.15711114101684157,0.1571111410168416,0.1571111410168416,0.1571111410168416,0.1571111410168416,0.1571111410168416,Frontier Group,Germany,Lithium Carbonate,Germany,RES-1213,Spodumene,Bolivia,Bolivia,Cascade Corp,CNV-1106
204,0.0,0.0,0.0,0.17348045209386093,0.5654743958911307,0.8042684733912437,0.8442105310638287,0.8442105310638287,0.8442105310638287,0.8442105310638287,0.8442105310638287,Frontier Group,Germany,Lithium Carbonate,Germany,RES-1075,Spodumene,North America,Netherlands,Frontier Group,CNV-1106
205,0.0,0.0,0.0,0.14221790831878514,0.335170434169262,0.335170434169262,0.33517043416926207,0.33517043416926207,0.33517043416926207,0.33517043416926207,0.33517043416926207,Frontier Group,Germany,Lithium Carbonate,Germany,RES-1238,Spodumene,North America,China,Amber Mining,CNV-1106
206,0.4018386192174322,0.6085092520615867,0.9012700413672521,0.8641023605653455,0.8641112755926287,0.8641112755926288,0.8641112755926289,0.8641112755926289,0.8641112755926289,0.8641112755926289,0.8641112755926289,Frontier Group,Germany,Lithium Carbonate,Germany,RES-1048,Spodumene,Bolivia,Bolivia,Frontier Group,CNV-1106
207,0.4018386192174322,0.6085092520615867,0.9012700413672521,0.8641023605653455,0.8641112755926287,0.8641112755926288,0.8641112755926289,0.8641112755926289,0.8641112755926289,0.8641112755926289,0.8641112755926289,Frontier Group,Germany,Lithium Carbonate,Germany,RES-1039,Spodumene,Bolivia,Bolivia,Redwood Group,CNV-1106
208,0.08767388055653068,0.10002443304821329,0.10499343712053635,0.09426571206167407,0.09426668461010494,0.09426668461010497,0.09426668461010497,0.09426668461010497,0.09426668461010497,0.09426668461010497,0.09426668461010497,Frontier Group,Germany,Lithium Carbonate,Germany,RES-1124,Spodumene,Germany,Germany,Frontier Group,CNV-1106
209,0.2907295570870799,0.649542228664657,0.4956460315076988,0.54730948834204,0.6493927162029453,0.6493927162029453,0.6493927162029454,0.6493927162029454,0.6493927162029454,0.6493927162029454,0.6493927162029454,Frontier Group,Germany,Lithium Carbonate,Germany,RES-1165,Spodumene,Bolivia,Bolivia,Falcon Holdings,CNV-1106
210,0.079857795132566,0.11012712970410374,0.15637709754010157,0.13999174945843532,0.0,0.0,0.0,0.0,0.0,0.0,0.0,Frontier Group,Germany,Lithium Carbonate,Germany,Spot Market Spod,Spodumene,Spot Market Spod,Spot Market Spod,Spot Market Spod,CNV-1106
211,0.0,0.12350243863115055,0.2801995542582009,0.2882050070049295,0.28820010063705004,0.4480687233344609,0.4480687233344609,0.4480687233344609,0.4480687233344609,0.4480687233344609,0.4480687233344609,Frontier Group,Germany,Lithium Hydroxide,Germany,RES-1213,Spodumene,Bolivia,Bolivia,Cascade Corp,CNV-1004
212,0.0,0.0,0.0,0.4947662493716914,1.6126888838399067,2.2937109727434333,2.4076226067171693,2.4076226067171693,2.4076226067171693,2.4076226067171693,2.4076226067171693,Frontier Group,Germany,Lithium Hydroxide,Germany,RES-1075,Spodumene,North America,Netherlands,Frontier Group,CNV-1004
213,0.0,0.0,0.0,0.4056054745251752,0.9558799431135167,0.9558799431135165,0.9558799431135165,0.9558799431135165,0.9558799431135165,0.9558799431135165,0.9558799431135165,Frontier Group,Germany,Lithium Hydroxide,Germany,RES-1238,Spodumene,North America,China,Amber Mining,CNV-1004
214,1.9100729033468613,2.141162295500861,2.570422157979403,2.464419932332365,2.464377978339535,2.464377978339535,2.464377978339535,2.464377978339535,2.464377978339535,2.464377978339535,2.464377978339535,Frontier Group,Germany,Lithium Hydroxide,Germany,RES-1048,Spodumene,Bolivia,Bolivia,Frontier Group,CNV-1004
215,1.9100729033468613,2.141162295500861,2.570422157979403,2.464419932332365,2.464377978339535,2.464377978339535,2.464377978339535,2.464377978339535,2.464377978339535,2.464377978339535,2.464377978339535,Frontier Group,Germany,Lithium Hydroxide,Germany,RES-1039,Spodumene,Bolivia,Bolivia,Redwood Group,CNV-1004
216,0.4167431789120425,0.3519561024686092,0.29944128266776976,0.26884581079989445,0.2688412340006766,0.2688412340006766,0.26884123400067655,0.26884123400067655,0.26884123400067655,0.26884123400067655,0.26884123400067655,Frontier Group,Germany,Lithium Hydroxide,Germany,RES-1124,Spodumene,Germany,Germany,Frontier Group,CNV-1004
217,1.3819344946872534,2.285545083563665,1.413582481859957,1.560926660751498,1.8520173897824386,1.8520173897824386,1.8520173897824386,1.8520173897824386,1.8520173897824386,1.8520173897824386,1.8520173897824386,Frontier Group,Germany,Lithium Hydroxide,Germany,RES-1165,Spodumene,Bolivia,Bolivia,Falcon Holdings,CNV-1004
218,0.3795907195301304,0.3875044743120762,0.44598748218436973,0.39925646945545745,0.0,0.0,0.0,0.0,0.0,0.0,0.0,Frontier Group,Germany,Lithium Hydroxide,Germany,Spot Market Spod,Spodumene,Spot Market Spod,Spot Market Spod,Spot Market Spod,CNV-1004
219,0.0,0.018187596151852465,0.04126360897210531,0.04244253258838373,0.04244543823011709,0.06599051588497375,0.06599051588497376,0.06599051588497376,0.06599051588497376,0.06599051588497376,0.06599051588497376,Frontier Group,Germany,Lithium Metal,Germany,RES-1213,Spodumene,Bolivia,Bolivia,Cascade Corp,CNV-1146
220,0.0,0.0,0.0,0.07286178987942159,0.23751305517283142,0.33781239908008276,0.3545890386885922,0.3545890386885922,0.3545890386885922,0.3545890386885922,0.3545890386885922,Frontier Group,Germany,Lithium Metal,Germany,RES-1075,Spodumene,North America,Netherlands,Frontier Group,CNV-1146
221,0.0,0.0,0.0,0.05973152149388976,0.14077976722127733,0.14077976722127733,0.14077976722127733,0.14077976722127733,0.14077976722127733,0.14077976722127733,0.14077976722127733,Frontier Group,Germany,Lithium Metal,Germany,RES-1238,Spodumene,North America,China,Amber Mining,CNV-1146
222,0.2812870334522026,0.31531843061373127,0.37853341737424584,0.3629229914374451,0.36294783736735553,0.36294783736735564,0.36294783736735564,0.36294783736735564,0.36294783736735564,0.36294783736735564,0.36294783736735564,Frontier Group,Germany,Lithium Metal,Germany,RES-1048,Spodumene,Bolivia,Bolivia,Frontier Group,CNV-1146
223,0.2812870334522026,0.31531843061373127,0.37853341737424584,0.3629229914374451,0.36294783736735553,0.36294783736735564,0.36294783736735564,0.36294783736735564,0.36294783736735564,0.36294783736735564,0.36294783736735564,Frontier Group,Germany,Lithium Metal,Germany,RES-1039,Spodumene,Bolivia,Bolivia,Redwood Group,CNV-1146
224,0.06137171638957147,0.0518308425795287,0.04409724359062527,0.0395915990659031,0.03959430953098425,0.03959430953098425,0.03959430953098425,0.03959430953098425,0.03959430953098425,0.03959430953098425,0.03959430953098425,Frontier Group,Germany,Lithium Metal,Germany,RES-1124,Spodumene,Germany,Germany,Frontier Group,CNV-1146
225,0.20351068996095595,0.33658097303532225,0.2081713332332335,0.22986998510365675,0.2727607989912248,0.27276079899122485,0.27276079899122485,0.27276079899122485,0.27276079899122485,0.27276079899122485,0.27276079899122485,Frontier Group,Germany,Lithium Metal,Germany,RES-1165,Spodumene,Bolivia,Bolivia,Falcon Holdings,CNV-1146
226,0.055900456592796195,0.057065876301217386,0.06567838096684266,0.05879653477254282,0.0,0.0,0.0,0.0,0.0,0.0,0.0,Frontier Group,Germany,Lithium Metal,Germany,Spot Market Spod,Spodumene,Spot Market Spod,Spot Market Spod,Spot Market Spod,CNV-1146
227,0.0,0.03464304028924279,0.07859735042305775,0.080842919215969,0.08084460423120036,0.12569023579895613,0.12569023579895613,0.12569023579895613,0.12569023579895613,0.12569023579895613,0.12569023579895613,Frontier Group,Germany,Lithium Carbonate,Germany,RES-1213,Spodumene,Bolivia,Bolivia,Cascade Corp,CNV-1019
228,0.0,0.0,0.0,0.13878436167508873,0.4523842784020619,0.6434215512149812,0.6753755336930575,0.6753755336930575,0.6753755336930575,0.6753755336930575,0.6753755336930575,Frontier Group,Germany,Lithium Carbonate,Germany,RES-1075,Spodumene,North America,Netherlands,Frontier Group,CNV-1019
229,0.0,0.0,0.0,0.11377432665502811,0.2681391697044397,0.2681391697044397,0.26813916970443974,0.26813916970443974,0.26813916970443974,0.26813916970443974,0.26813916970443974,Frontier Group,Germany,Lithium Carbonate,Germany,RES-1238,Spodumene,North America,China,Amber Mining,CNV-1019
230,0.5357848256232429,0.6006065345023452,0.7210160330938017,0.6912818884522763,0.6912962968942586,0.6912962968942586,0.6912962968942588,0.6912962968942588,0.6912962968942588,0.6912962968942588,0.6912962968942588,Frontier Group,Germany,Lithium Carbonate,Germany,RES-1048,Spodumene,Bolivia,Bolivia,Frontier Group,CNV-1019
231,0.5357848256232429,0.6006065345023452,0.7210160330938017,0.6912818884522763,0.6912962968942586,0.6912962968942586,0.6912962968942588,0.6912962968942588,0.6912962968942588,0.6912962968942588,0.6912962968942588,Frontier Group,Germany,Lithium Carbonate,Germany,RES-1039,Spodumene,Bolivia,Bolivia,Redwood Group,CNV-1019
232,0.11689850740870757,0.09872541443719753,0.08399474969642909,0.07541256964933925,0.07541414147937367,0.07541414147937368,0.07541414147937368,0.07541414147937368,0.07541414147937368,0.07541414147937368,0.07541414147937368,Frontier Group,Germany,Lithium Carbonate,Germany,RES-1124,Spodumene,Germany,Germany,Frontier Group,CNV-1019
233,0.38763940944943986,0.6411066153053758,0.39651682520615905,0.43784759067363194,0.519519641302352,0.519519641302352,0.5195196413023521,0.5195196413023521,0.5195196413023521,0.5195196413023521,0.5195196413023521,Frontier Group,Germany,Lithium Carbonate,Germany,RES-1165,Spodumene,Bolivia,Bolivia,Falcon Holdings,CNV-1019
234,0.10647706017675466,0.10869690724041406,0.12510167803208125,0.11199339956674823,0.0,0.0,0.0,0.0,0.0,0.0,0.0,Frontier Group,Germany,Lithium Carbonate,Germany,Spot Market Spod,Spodumene,Spot Market Spod,Spot Market Spod,Spot Market Spod,CNV-1019
235,0.0,0.0,0.10341756634612861,0.20210729803992253,0.20210512844514755,0.3142156671062688,0.31421566710626886,0.31421566710626886,0.31421566710626886,0.31421566710626886,0.31421566710626886,Frontier Group,Germany,Lithium Carbonate,Germany,RES-1213,Spodumene,Bolivia,Bolivia,Cascade Corp,CNV-1115
236,0.0,0.0,0.0,0.34696090418772185,1.130924983336474,1.6085030842725554,1.6883855179176843,1.6883855179176843,1.6883855179176843,1.6883855179176843,1.6883855179176843,Frontier Group,Germany,Lithium Carbonate,Germany,RES-1075,Spodumene,North America,Netherlands,Frontier Group,CNV-1115
237,0.0,0.0,0.0,0.2844358166375703,0.6703267564933736,0.6703267564933734,0.6703267564933736,0.6703267564933736,0.6703267564933736,0.6703267564933736,0.6703267564933736,Frontier Group,Germany,Lithium Carbonate,Germany,RES-1238,Spodumene,North America,China,Amber Mining,CNV-1115
238,0.0,0.0,0.9487053067023705,1.728204721130691,1.7281861690844786,1.7281861690844786,1.7281861690844786,1.7281861690844786,1.7281861690844786,1.7281861690844786,1.7281861690844786,Frontier Group,Germany,Lithium Carbonate,Germany,RES-1048,Spodumene,Bolivia,Bolivia,Frontier Group,CNV-1115
239,0.0,0.0,0.9487053067023705,1.728204721130691,1.7281861690844786,1.7281861690844786,1.7281861690844786,1.7281861690844786,1.7281861690844786,1.7281861690844786,1.7281861690844786,Frontier Group,Germany,Lithium Carbonate,Germany,RES-1039,Spodumene,Bolivia,Bolivia,Redwood Group,CNV-1115
240,0.0,0.0,0.11051940749530142,0.18853142412334814,0.18852940026376133,0.18852940026376133,0.18852940026376133,0.18852940026376133,0.18852940026376133,0.18852940026376133,0.18852940026376133,Frontier Group,Germany,Lithium Carbonate,Germany,RES-1124,Spodumene,Germany,Germany,Frontier Group,CNV-1115
241,0.0,0.0,0.5217326647449461,1.09461897668408,1.2987580907059113,1.2987580907059113,1.2987580907059113,1.2987580907059113,1.2987580907059113,1.2987580907059113,1.2987580907059113,Frontier Group,Germany,Lithium Carbonate,Germany,RES-1165,Spodumene,Bolivia,Bolivia,Falcon Holdings,CNV-1115
242,0.0,0.0,0.16460747109484375,0.27998349891687063,0.0,0.0,0.0,0.0,0.0,0.0,0.0,Frontier Group,Germany,Lithium Carbonate,Germany,Spot Market Spod,Spodumene,Spot Market Spod,Spot Market Spod,Spot Market Spod,CNV-1115
243,0.6546428571428571,0.6546428571428571,0.6546428571428571,0.6546428571428571,0.6546428571428571,0.6546428571428571,0.6546428571428571,0.6546428571428571,0.6546428571428571,0.6546428571428571,0.6546428571428571,Frontier Group,Germany,Lithium Carbonate,Germany,RES-1183,Petalite,Germany,Germany,Frontier Group,CNV-1095
244,0.0,0.0,0.0,0.0,1.2857142857142858,3.4285714285714284,3.927857142857143,3.927857142857143,3.927857142857143,3.927857142857143,3.927857142857143,Frontier Group,Indonesia,Lithium Carbonate,Europe,RES-1169,Petalite,Europe,Indonesia,Frontier Group,CNV-1088
245,0.0,1.2857142857142858,3.4285714285714284,3.927857142857143,4.570714285714286,5.642142857142858,5.891785714285715,5.891785714285715,5.891785714285715,5.891785714285715,5.891785714285715,Frontier Group,Indonesia,Lithium Carbonate,Europe,RES-1142,Petalite,Europe,Indonesia,Frontier Group,CNV-1022
246,0.0,0.0,0.0,0.375,1.0,1.1456250000000001,1.258125,1.445625,1.4893125,1.4893125,1.4893125,Frontier Group,South Africa,Lithium Carbonate,Middle East & Africa,RES-1247,Hard Rock,Middle East & Africa,South Africa,Frontier Group,CNV-1127
247,0.0,0.0,0.7457142857142857,1.9885714285714287,2.2781571428571428,2.2781571428571428,2.2781571428571428,2.2781571428571428,2.2781571428571428,2.2781571428571428,2.2781571428571428,Frontier Group,Indonesia,Lithium Carbonate,Europe,RES-1187,Petalite,Europe,Indonesia,Frontier Group,CNV-1009
248,0.32606084905097815,0.3295636311866401,0.2395782932440025,0.2946573044075261,0.34961267289433673,0.34961267289433673,0.34961267289433673,0.34961267289433673,0.34961267289433673,0.34961267289433673,0.34961267289433673,Golden Peak Group,Germany,Lithium Carbonate,Germany,RES-1165,Spodumene,Bolivia,Bolivia,Falcon Holdings,CNV-1217
249,0.0,0.0,0.0,0.0,0.0,0.0,0.0,0.0,0.0,0.0,0.0,Golden Peak Group,Germany,Lithium Carbonate,Germany,Spot Market Spod,Spodumene,Spot Market Spod,Spot Market Spod,Spot Market Spod,CNV-1217
250,0.42857142857142855,1.1428571428571428,1.3092857142857142,1.3092857142857142,1.3092857142857142,1.3092857142857142,1.3092857142857142,1.3092857142857142,1.3092857142857142,1.3092857142857142,1.3092857142857142,Redwood Holdings,Germany,Lithium Carbonate,Germany,RES-1178,Petalite,Germany,Germany,Redwood Holdings,CNV-1001
251,0.0,0.0,0.0,0.0,0.0,0.0,0.0,0.0,0.0,0.0,0.0,Summit Mining,Germany,Lithium Carbonate,Germany,RES-1108,Spodumene,Germany,Germany,Summit Mining,CNV-1071
252,0.3006978253567981,0.8987675601599887,1.071330678070481,1.4100512332298278,2.0061918916209422,2.509558731039647,2.602043586071903,2.500054040264447,2.572542805771614,2.965616135045547,3.1366427562980754,Granite Mining,Germany,Lithium Carbonate,Germany,Spot Market Spod,Spodumene,Spot Market Spod,Spot Market Spod,Spot Market Spod,CNV-1184
253,0.08820469543799413,0.26363848431359665,0.31425699890067443,0.41361502841408276,0.5884829548754763,0.7361372277716297,0.7632661185810915,0.7333491851442376,0.7546125563596734,0.8699140662800271,0.9200818751807686,Granite Mining,Germany,Lithium Hydroxide,Germany,Spot Market Spod,Spodumene,Spot Market Spod,Spot Market Spod,Spot Market Spod,CNV-1090
254,0.126961304039537,0.19972612447999763,0.23807348401566245,0.31334471849551726,0.44582042036020936,0.5576797180088106,0.5782319080159787,0.5555675645032104,0.5716761790603588,0.6590258077878992,0.6970317236217944,Golden Peak Resources,Germany,Lithium Carbonate,Germany,Spot Market Spod,Spodumene,Spot Market Spod,Spot Market Spod,Spot Market Spod,CNV-1134
255,0.055862973777396276,0.08787949477119895,0.10475233296689147,0.1378716761380276,0.19616098495849213,0.2453790759238766,0.2544220395270306,0.24444972838141257,0.2515375187865579,0.2899713554266756,0.30669395839358954,Golden Peak Resources,Germany,Lithium Hydroxide,Germany,Spot Market Spod,Spodumene,Spot Market Spod,Spot Market Spod,Spot Market Spod,CNV-1113
256,0.0,0.0,0.5513280682467976,1.3787167613802758,1.961609849584921,2.453790759238766,2.5442203952703055,2.4444972838141257,2.5153751878655783,2.8997135542667567,3.0669395839358953,Vantage Mining,Mexico,Lithium Hydroxide,North America,Spot Market Spod,Spodumene,Spot Market Spod,Spot Market Spod,Spot Market Spod,CNV-1041
257,0.0,0.0,0.7542857142857143,2.0114285714285716,2.3043428571428572,2.3043428571428572,2.3043428571428572,2.3043428571428572,2.3043428571428572,2.3043428571428572,2.3043428571428572,Titan Mining,Germany,Lithium Hydroxide,Germany,RES-1073,Petalite,Germany,Germany,Titan Mining,CNV-1204
258,0.0,0.0,0.06,0.16,0.1833,0.1833,0.1833,0.1833,0.1833,0.1833,0.1833,Ironclad Minerals,Ghana,Lithium Hydroxide,North America,RES-1116,Brine,North America,Ghana,Ironclad Minerals,CNV-1198
259,0.0,0.0,0.26438686909107795,0.6611573560255412,0.9406810869600418,1.17670420499859,1.2200693259137148,1.1722475611017742,1.2062367378173569,1.3905444544324672,1.470736936841987,Sierra Mining,Finland,Lithium Hydroxide,South America,Spot Market Spod,Spodumene,Spot Market Spod,Spot Market Spod,Spot Market Spod,CNV-1261
260,0.0,0.0,0.0,0.0,0.0,0.0,0.0,0.0,0.6348614409565035,1.3905444544324672,1.470736936841987,Sierra Mining,Finland,Lithium Hydroxide,South America,Spot Market Spod,Spodumene,Spot Market Spod,Spot Market Spod,Spot Market Spod,CNV-1252
261,0.0,0.0,0.0,0.0,0.0,0.0,0.0,0.0,0.6348614409565035,1.3905444544324672,1.470736936841987,Sierra Mining,Finland,Lithium Hydroxide,South America,Spot Market Spod,Spodumene,Spot Market Spod,Spot Market Spod,Spot Market Spod,CNV-1011
262,0.0,0.0,0.0,0.0,0.0,0.0,0.0,0.0,0.6348614409565035,1.3905444544324672,1.470736936841987,Sierra Mining,Finland,Lithium Hydroxide,South America,Spot Market Spod,Spodumene,Spot Market Spod,Spot Market Spod,Spot Market Spod,CNV-1070
263,0.0,0.0,0.0,0.0,0.1791428571428571,0.4777142857142857,0.5472814285714286,0.5472814285714286,0.5472814285714286,0.5472814285714286,0.5472814285714286,Horizon Minerals,Japan,Lithium Carbonate,Middle East & Africa,RES-1259,Salar Brine,Middle East & Africa,Japan,Horizon Minerals,CNV-1244
264,0.0,0.0,0.0,1.1742857142857142,3.1314285714285717,3.5874428571428574,3.5874428571428574,3.5874428571428574,3.5874428571428574,3.5874428571428574,3.5874428571428574,Pioneer Corp,Japan,Lithium Hydroxide,Middle East & Africa,RES-1200,Hard Rock,Middle East & Africa,Japan,Pioneer Corp,CNV-1023
265,1.3092857142857142,1.3092857142857142,1.3092857142857142,1.3092857142857142,1.3092857142857142,1.3092857142857142,1.3092857142857142,1.3092857142857142,1.3092857142857142,1.3092857142857142,1.3092857142857142,Stonebridge Metals,Germany,Lithium Carbonate,Germany,RES-1237,Petalite,Germany,Germany,Stonebridge Metals,CNV-1013
266,0.0,0.0,0.0,0.375,1.0,1.1456250000000001,1.183125,1.245625,1.2601875,1.2601875,1.2601875,Horizon Resources,South Africa,Lithium Carbonate,Middle East & Africa,RES-1067,Hard Rock,Middle East & Africa,South Africa,Horizon Resources,CNV-1127
267,0.0,2.142857142857143,10.0,17.975,19.639285714285716,19.639285714285716,19.639285714285716,19.639285714285716,19.639285714285716,19.639285714285716,19.639285714285716,Meridian Mining,Germany,Lithium Carbonate,Germany,RES-1099,Brine,Germany,Germany,Meridian Mining,CNV-1064
268,0.0,0.0,0.0,0.0,0.0,0.0,0.0,0.0,0.0,0.0,0.0,Meridian Mining,Germany,Lithium Carbonate,Germany,RES-1000,Spodumene,Germany,Germany,Meridian Mining,CNV-1125
269,0.0,0.0,0.0,0.0,0.15170670037926676,0.4045512010113782,0.46346396965866005,0.46346396965866005,0.46346396965866005,0.46346396965866005,0.46346396965866005,Vantage Minerals,Serbia,Lithium Hydroxide,Middle East & Africa,RES-1097,Salar Brine,Middle East & Africa,Serbia,Vantage Minerals,CNV-1170
270,0.0,0.0,0.0,0.0,0.6857142857142857,1.8285714285714287,2.0948571428571428,2.0948571428571428,2.0948571428571428,2.0948571428571428,2.0948571428571428,Frontier Energy,Japan,Lithium Carbonate,Middle East & Africa,RES-1042,Lepidolite,Middle East & Africa,Japan,Frontier Energy,CNV-1151
271,0.0,0.0,0.0,0.0,0.07542857142857143,0.2011428571428572,0.23043428571428579,0.23043428571428579,0.23043428571428579,0.23043428571428579,0.23043428571428579,Atlas Group,South Korea,Lithium Hydroxide,South America,RES-1030,Clay,South America,South Korea,Atlas Group,CNV-1192
272,1.6497,2.7211285714285713,4.506842857142857,4.922914285714286,4.922914285714286,4.922914285714286,4.922914285714286,4.922914285714286,4.922914285714286,4.922914285714286,4.922914285714286,Silverridge Mining,Indonesia,Lithium Carbonate,Europe,RES-1205,Petalite,Europe,Indonesia,Silverridge Mining,CNV-1068
273,0.0,0.0,0.6428571428571429,1.7142857142857142,3.2496428571428573,5.3925,5.891785714285715,5.891785714285715,5.891785714285715,5.891785714285715,5.891785714285715,Silverridge Mining,Indonesia,Lithium Carbonate,Europe,RES-1109,Petalite,Europe,Indonesia,Silverridge Mining,CNV-1087
274,3.927857142857143,3.927857142857143,3.927857142857143,3.927857142857143,3.927857142857143,3.927857142857143,3.927857142857143,3.927857142857143,3.927857142857143,3.927857142857143,3.927857142857143,Stonebridge Minerals,Germany,Lithium Carbonate,Germany,RES-1246,Petalite,Germany,Germany,Stonebridge Minerals,CNV-1053
275,0.0,0.0,1.7142857142857142,4.571428571428571,5.237142857142857,5.237142857142857,5.237142857142857,5.237142857142857,5.237142857142857,5.237142857142857,5.237142857142857,Stonebridge Minerals,Germany,Lithium Carbonate,Germany,RES-1248,Petalite,Germany,Germany,Stonebridge Minerals,CNV-1163
276,0.0,0.0,1.2857142857142858,3.4285714285714284,3.927857142857143,3.927857142857143,3.927857142857143,3.927857142857143,3.927857142857143,3.927857142857143,3.927857142857143,Stonebridge Minerals,Germany,Lithium Carbonate,Germany,RES-1208,Petalite,Germany,Germany,Stonebridge Minerals,CNV-1069
277,0.9595043928213836,0.9698120849470901,0.7050652473847521,0.8671596345927197,0.7676817813265113,0.6249004512957795,0.6249004512957796,0.6249004512957795,0.6249004512957795,0.6249004512957796,0.6249004512957795,Northstar Holdings,Germany,Lithium Hydroxide,Germany,RES-1165,Spodumene,Bolivia,Bolivia,Falcon Holdings,CNV-1236
278,0.0,0.0,0.04296708309277741,0.019126645984238997,0.05989139939140792,0.13359052342348723,0.13851373962069735,0.13308456331188173,0.13694333418129792,0.1578676788288382,0.16697188331303076,Northstar Holdings,Germany,Lithium Hydroxide,Germany,Spot Market Spod,Spodumene,Spot Market Spod,Spot Market Spod,Spot Market Spod,CNV-1236
279,1.3706587334530091,1.3853833437200873,1.007236067692503,1.2387994779895994,1.096688259037873,0.8927149304225422,0.8927149304225424,0.8927149304225422,0.8927149304225421,0.8927149304225422,0.8927149304225422,Northstar Holdings,Germany,Lithium Carbonate,Germany,RES-1165,Spodumene,Bolivia,Bolivia,Falcon Holdings,CNV-1155
280,0.0,0.0,0.06138154727539629,0.02732377997748428,0.08555914198772559,0.19084360489069607,0.1978767708867105,0.1901208047312596,0.1956333345447113,0.22552525546976884,0.23853126187575824,Northstar Holdings,Germany,Lithium Carbonate,Germany,Spot Market Spod,Spodumene,Spot Market Spod,Spot Market Spod,Spot Market Spod,CNV-1155
281,0.00014426468092337748,0.00014581447676245528,0.0,0.0,0.6903363988469982,1.0676870567853605,1.0676870567853605,1.0676870567853605,1.0676870567853605,1.0676870567853605,1.0676870567853605,Northstar Holdings,Germany,Lithium Hydroxide,Germany,RES-1165,Spodumene,Bolivia,Bolivia,Falcon Holdings,CNV-1027
282,0.0,0.0,0.0,0.0,0.05385722832490517,0.2282489514492725,0.23666061798050572,0.2273844824585865,0.2339774681154747,0.26972820554184357,0.28528338920340685,Northstar Holdings,Germany,Lithium Hydroxide,Germany,Spot Market Spod,Spodumene,Spot Market Spod,Spot Market Spod,Spot Market Spod,CNV-1027
283,0.2057214349967362,0.20793144386326118,0.15108541015387544,0.18581992169843992,0.164503238855681,0.13390723956338133,0.13390723956338133,0.13390723956338133,0.1339072395633813,0.13390723956338133,0.1339072395633813,Northstar Holdings,Germany,Lithium Carbonate,Germany,RES-1165,Spodumene,Bolivia,Bolivia,Falcon Holdings,CNV-1029
284,0.0,0.0,0.009207232091309444,0.004098566996622642,0.012833871298158838,0.028626540733604405,0.029681515633006573,0.028518120709688937,0.02934500018170669,0.033828788320465326,0.03577968928136373,Northstar Holdings,Germany,Lithium Carbonate,Germany,Spot Market Spod,Spodumene,Spot Market Spod,Spot Market Spod,Spot Market Spod,CNV-1029
285,0.0,0.4498271149304479,1.1995389731478614,1.3742218361125187,1.3742218361125187,0.0,0.0,0.0,0.0,0.0,0.0,Highland Resources,France,Lithium Hydroxide,Middle East & Africa,RES-1213,Spodumene,Bolivia,Bolivia,Cascade Corp,CNV-1239
286,0.0,0.0,0.0,1.1813855467870593,2.91343894078614,2.91343894078614,2.91343894078614,2.91343894078614,2.91343894078614,2.91343894078614,2.91343894078614,Highland Resources,France,Lithium Hydroxide,Middle East & Africa,RES-1101,Spodumene,Bolivia,Bolivia,Crescent Energy,CNV-1239
287,0.0,0.778503309503093,1.4654179943587633,1.678819489787258,1.678819489787258,1.678819489787258,1.678819489787258,1.678819489787258,1.678819489787258,1.678819489787258,1.678819489787258,Highland Resources,France,Lithium Hydroxide,Middle East & Africa,RES-1250,Spodumene,Middle East & Africa,Serbia,Cascade Materials,CNV-1239
288,0.0,0.0,0.0,0.0,0.0,0.0,0.0,0.0,0.0,0.0,0.0,Highland Resources,France,Lithium Hydroxide,Middle East & Africa,Spot Market Spod,Spodumene,Spot Market Spod,Spot Market Spod,Spot Market Spod,CNV-1239
289,0.8751666667142858,0.7083095238571427,0.7142857142857143,0.7142857142857143,0.2976190475714286,0.0,0.0,0.0,0.0,0.0,0.0,Horizon Industries,Germany,Lithium Hydroxide,Germany,RES-1085,Spodumene,Bolivia,Bolivia,Horizon Industries,CNV-1034
290,0.7736666667142859,4.810142857142857,5.213047618571429,7.46052381,7.147142857142858,7.143142857142856,7.143142857142856,7.143142857142856,7.143142857142856,7.143142857142856,7.143142857142856,Horizon Industries,Bolivia,Lithium Hydroxide,Bolivia,RES-1085,Spodumene,Bolivia,Bolivia,Horizon Industries,CNV-1026
291,0.0,0.0,0.0,0.0,3.0813148142857143,5.974409391428572,7.3869206342857145,7.147482142857143,7.143142857142856,7.143142857142856,7.143142857142856,Horizon Industries,Bolivia,Lithium Hydroxide,Bolivia,RES-1085,Spodumene,Bolivia,Bolivia,Horizon Industries,CNV-1182
292,8.077142857142857,8.857142857142858,10.285714285714286,11.571428571428571,11.857142857142858,12.714285714285714,12.714285714285714,12.714285714285714,13.428571428571429,14.0,15.428571428571429,Horizon Industries,Vietnam,Lithium Carbonate,Europe,RES-1121,Petalite,Europe,Vietnam,Horizon Industries,CNV-1141
293,0.0,0.0,0.0,0.0,0.0,0.0,3.7256666671428573,6.368095238571429,6.451238095714286,7.242238095714286,7.147285714285715,Horizon Industries,Ireland,Lithium Hydroxide,South America,RES-1085,Spodumene,Bolivia,Bolivia,Horizon Industries,CNV-1243
294,0.0,0.0,0.0,0.0,3.7256666671428573,4.455418367142857,2.288346938571429,3.120918367142857,3.4214659857142853,3.3698469385714285,2.218428571428572,Horizon Industries,Japan,Lithium Hydroxide,Middle East & Africa,RES-1085,Spodumene,Bolivia,Bolivia,Horizon Industries,CNV-1219
295,0.0,0.0,0.0,0.0,0.0,3.7755102042857147,7.346938775714285,7.346938775714285,7.346938775714285,7.346938775714285,8.496285714285714,Horizon Industries,Japan,Lithium Hydroxide,Middle East & Africa,RES-1047,Spodumene,Middle East & Africa,Japan,Horizon Industries,CNV-1219
296,0.0,0.0,1.5546666671428573,5.660571428571429,6.440285714285714,6.965238095714286,7.190047618571429,7.143142857142856,7.143142857142856,7.143142857142856,7.143142857142856,Horizon Industries,Germany,Lithium Hydroxide,Germany,RES-1007,Spodumene,Bolivia,Bolivia,Horizon Industries,CNV-1156
297,0.9783333332857141,2.8604047614285717,2.904771428571429,3.273838095714286,6.171114285714286,7.206047618571428,7.167357142857143,7.143142857142856,7.143142857142856,7.143142857142856,7.143142857142856,Horizon Industries,Germany,Lithium Hydroxide,Germany,RES-1007,Spodumene,Bolivia,Bolivia,Horizon Industries,CNV-1077
298,0.5627142857142856,0.6642857142857144,0.7124285714285714,1.054142857142857,1.0222857142857145,1.0212857142857144,0.9989999999999999,0.9884285714285713,0.9778571428571429,0.9662857142857142,0.9555714285714286,Horizon Industries,Japan,Lithium Carbonate,Middle East & Africa,RES-1025,Petalite,Middle East & Africa,Japan,Horizon Industries,CNV-1139
299,1.7666666671428572,2.0380952385714286,1.8142857142857143,2.12247619,0.0,0.37294047614285714,0.0,0.0,0.0,0.0,0.0,Horizon Industries,Germany,Lithium Carbonate,Germany,RES-1085,Spodumene,Bolivia,Bolivia,Horizon Industries,CNV-1112
300,0.0,0.0,0.0,1.9262857142857146,2.521008402857143,2.521008402857143,2.521008402857143,2.521008402857143,2.521008402857143,2.521008402857143,2.521008402857143,Horizon Industries,Germany,Lithium Carbonate,Germany,Spot Market Spod,Spodumene,Spot Market Spod,Spot Market Spod,Spot Market Spod,CNV-1112
301,0.0,1.042857142857143,1.042857142857143,0.9657142857142856,1.9549320728571427,4.19257493,4.69372374,4.622134454285714,4.622134454285714,4.622134454285714,4.622134454285714,Horizon Industries,Germany,Lithium Carbonate,Germany,RES-1007,Spodumene,Bolivia,Bolivia,Horizon Industries,CNV-1112
302,0.5,1.2339464285714286,1.0,1.25,0.0,0.0,0.0,0.0,0.0,0.0,0.0,Horizon Industries,Germany,Lithium Hydroxide,Germany,RES-1085,Spodumene,Bolivia,Bolivia,Horizon Industries,CNV-1220
303,0.0,5.694625,5.0,5.0,0.0,0.0,0.0,0.0,0.0,0.0,0.0,Horizon Industries,Germany,Lithium Hydroxide,Germany,RES-1007,Spodumene,Bolivia,Bolivia,Horizon Industries,CNV-1220
304,4.994166667142857,4.336547618571428,1.77755102,1.7673469385714287,2.4792516999999994,2.3673469385714285,2.3673469385714285,2.3673469385714285,2.3673469385714285,2.3673469385714285,2.3673469385714285,Horizon Industries,Germany,Lithium Hydroxide,Germany,RES-1085,Spodumene,Bolivia,Bolivia,Horizon Industries,CNV-1072
305,0.0,0.0,2.5510204085714285,3.0612244900000003,3.0612244900000003,3.0612244900000003,3.0612244900000003,3.0612244900000003,3.0612244900000003,3.0612244900000003,3.0612244900000003,Horizon Industries,Germany,Lithium Hydroxide,Germany,Spot Market Spod,Spodumene,Spot Market Spod,Spot Market Spod,Spot Market Spod,CNV-1072
